"date","covid_cases_7day","hover_text_case"
2020-03-19,NA,"Mar 19, 2020<br><b>NA</b> cases per 100,000 people"
2020-03-20,NA,"Mar 20, 2020<br><b>NA</b> cases per 100,000 people"
2020-03-21,NA,"Mar 21, 2020<br><b>NA</b> cases per 100,000 people"
2020-03-22,NA,"Mar 22, 2020<br><b>NA</b> cases per 100,000 people"
2020-03-23,NA,"Mar 23, 2020<br><b>NA</b> cases per 100,000 people"
2020-03-24,NA,"Mar 24, 2020<br><b>NA</b> cases per 100,000 people"
2020-03-25,0.692557972917705,"Mar 25, 2020<br><b>0.69</b> cases per 100,000 people"
2020-03-26,0.725033428572516,"Mar 26, 2020<br><b>0.73</b> cases per 100,000 people"
2020-03-27,0.76581655892972,"Mar 27, 2020<br><b>0.77</b> cases per 100,000 people"
2020-03-28,0.865508655358441,"Mar 28, 2020<br><b>0.87</b> cases per 100,000 people"
2020-03-29,0.951606375001427,"Mar 29, 2020<br><b>0.95</b> cases per 100,000 people"
2020-03-30,0.910823244644223,"Mar 30, 2020<br><b>0.91</b> cases per 100,000 people"
2020-03-31,0.947074916072849,"Mar 31, 2020<br><b>0.95</b> cases per 100,000 people"
2020-04-01,1.03770409464441,"Apr 01, 2020<br><b>1.04</b> cases per 100,000 people"
2020-04-02,1.03317263571584,"Apr 02, 2020<br><b>1.03</b> cases per 100,000 people"
2020-04-03,1.01051534107294,"Apr 03, 2020<br><b>1.01</b> cases per 100,000 people"
2020-04-04,0.987858046430053,"Apr 04, 2020<br><b>0.99</b> cases per 100,000 people"
2020-04-05,1.01504680000152,"Apr 05, 2020<br><b>1.02</b> cases per 100,000 people"
2020-04-06,0.956137833930006,"Apr 06, 2020<br><b>0.96</b> cases per 100,000 people"
2020-04-07,1.03770409464441,"Apr 07, 2020<br><b>1.04</b> cases per 100,000 people"
2020-04-08,1.14192765000171,"Apr 08, 2020<br><b>1.14</b> cases per 100,000 people"
2020-04-09,1.26427704107332,"Apr 09, 2020<br><b>1.26</b> cases per 100,000 people"
2020-04-10,1.35339573333536,"Apr 10, 2020<br><b>1.35</b> cases per 100,000 people"
2020-04-11,1.85563243125278,"Apr 11, 2020<br><b>1.86</b> cases per 100,000 people"
2020-04-12,2.34200902292018,"Apr 12, 2020<br><b>2.34</b> cases per 100,000 people"
2020-04-13,2.61374551000392,"Apr 13, 2020<br><b>2.61</b> cases per 100,000 people"
2020-04-14,2.63277763750395,"Apr 14, 2020<br><b>2.63</b> cases per 100,000 people"
2020-04-15,2.80406678500421,"Apr 15, 2020<br><b>2.8</b> cases per 100,000 people"
2020-04-16,2.92460359250439,"Apr 16, 2020<br><b>2.92</b> cases per 100,000 people"
2020-04-17,3.05042710208791,"Apr 17, 2020<br><b>3.05</b> cases per 100,000 people"
2020-04-18,2.87596593333765,"Apr 18, 2020<br><b>2.88</b> cases per 100,000 people"
2020-04-19,2.52175689375378,"Apr 19, 2020<br><b>2.52</b> cases per 100,000 people"
2020-04-20,2.48777095178945,"Apr 20, 2020<br><b>2.49</b> cases per 100,000 people"
2020-04-21,2.35635864286068,"Apr 21, 2020<br><b>2.36</b> cases per 100,000 people"
2020-04-22,2.06634527143167,"Apr 22, 2020<br><b>2.07</b> cases per 100,000 people"
2020-04-23,1.93040150357432,"Apr 23, 2020<br><b>1.93</b> cases per 100,000 people"
2020-04-24,1.56788478928807,"Apr 24, 2020<br><b>1.57</b> cases per 100,000 people"
2020-04-25,1.31412308928769,"Apr 25, 2020<br><b>1.31</b> cases per 100,000 people"
2020-04-26,1.18271078035892,"Apr 26, 2020<br><b>1.18</b> cases per 100,000 people"
2020-04-27,0.978795128572897,"Apr 27, 2020<br><b>0.98</b> cases per 100,000 people"
2020-04-28,1.14645910893029,"Apr 28, 2020<br><b>1.15</b> cases per 100,000 people"
2020-04-29,4.20066242679202,"Apr 29, 2020<br><b>4.2</b> cases per 100,000 people"
2020-04-30,4.83053521786439,"Apr 30, 2020<br><b>4.83</b> cases per 100,000 people"
2020-05-01,5.36524737143662,"May 01, 2020<br><b>5.37</b> cases per 100,000 people"
2020-05-02,6.42107730179535,"May 02, 2020<br><b>6.42</b> cases per 100,000 people"
2020-05-03,7.40440388929682,"May 03, 2020<br><b>7.4</b> cases per 100,000 people"
2020-05-04,8.33335296965536,"May 04, 2020<br><b>8.33</b> cases per 100,000 people"
2020-05-05,9.76982545001465,"May 05, 2020<br><b>9.77</b> cases per 100,000 people"
2020-05-06,8.68680676608446,"May 06, 2020<br><b>8.69</b> cases per 100,000 people"
2020-05-07,9.49793791429996,"May 07, 2020<br><b>9.5</b> cases per 100,000 people"
2020-05-08,10.689711612516,"May 08, 2020<br><b>10.69</b> cases per 100,000 people"
2020-05-09,11.4056821232314,"May 09, 2020<br><b>11.41</b> cases per 100,000 people"
2020-05-10,11.6413179875175,"May 10, 2020<br><b>11.64</b> cases per 100,000 people"
2020-05-11,12.1714986821611,"May 11, 2020<br><b>12.17</b> cases per 100,000 people"
2020-05-12,12.5657356089474,"May 12, 2020<br><b>12.57</b> cases per 100,000 people"
2020-05-13,11.8044505089463,"May 13, 2020<br><b>11.8</b> cases per 100,000 people"
2020-05-14,11.4691225482315,"May 14, 2020<br><b>11.47</b> cases per 100,000 people"
2020-05-15,12.3799457928757,"May 15, 2020<br><b>12.38</b> cases per 100,000 people"
2020-05-16,12.7968400143049,"May 16, 2020<br><b>12.8</b> cases per 100,000 people"
2020-05-17,13.7711036839492,"May 17, 2020<br><b>13.77</b> cases per 100,000 people"
2020-05-18,14.4281652285931,"May 18, 2020<br><b>14.43</b> cases per 100,000 people"
2020-05-19,14.4644169000217,"May 19, 2020<br><b>14.46</b> cases per 100,000 people"
2020-05-20,15.1305413625227,"May 20, 2020<br><b>15.13</b> cases per 100,000 people"
2020-05-21,15.5700928785948,"May 21, 2020<br><b>15.57</b> cases per 100,000 people"
2020-05-22,15.2302334589514,"May 22, 2020<br><b>15.23</b> cases per 100,000 people"
2020-05-23,15.5655614196662,"May 23, 2020<br><b>15.57</b> cases per 100,000 people"
2020-05-24,15.8827635446667,"May 24, 2020<br><b>15.88</b> cases per 100,000 people"
2020-05-25,15.9371410518096,"May 25, 2020<br><b>15.94</b> cases per 100,000 people"
2020-05-26,16.1274623268099,"May 26, 2020<br><b>16.13</b> cases per 100,000 people"
2020-05-27,15.2257020000228,"May 27, 2020<br><b>15.23</b> cases per 100,000 people"
2020-05-28,14.8949054982366,"May 28, 2020<br><b>14.89</b> cases per 100,000 people"
2020-05-29,14.4145708518073,"May 29, 2020<br><b>14.41</b> cases per 100,000 people"
2020-05-30,13.7031318000206,"May 30, 2020<br><b>13.7</b> cases per 100,000 people"
2020-05-31,13.32248925002,"May 31, 2020<br><b>13.32</b> cases per 100,000 people"
2020-06-01,12.1896245178754,"Jun 01, 2020<br><b>12.19</b> cases per 100,000 people"
2020-06-02,10.7123689071589,"Jun 02, 2020<br><b>10.71</b> cases per 100,000 people"
2020-06-03,10.9389418535878,"Jun 03, 2020<br><b>10.94</b> cases per 100,000 people"
2020-06-04,10.6987745303732,"Jun 04, 2020<br><b>10.7</b> cases per 100,000 people"
2020-06-05,10.7169003660875,"Jun 05, 2020<br><b>10.72</b> cases per 100,000 people"
2020-06-06,10.3181319803726,"Jun 06, 2020<br><b>10.32</b> cases per 100,000 people"
2020-06-07,9.13088974108513,"Jun 07, 2020<br><b>9.13</b> cases per 100,000 people"
2020-06-08,8.9904145142992,"Jun 08, 2020<br><b>8.99</b> cases per 100,000 people"
2020-06-09,9.10370098751366,"Jun 09, 2020<br><b>9.1</b> cases per 100,000 people"
2020-06-10,8.81821907501323,"Jun 10, 2020<br><b>8.82</b> cases per 100,000 people"
2020-06-11,9.01760326787067,"Jun 11, 2020<br><b>9.02</b> cases per 100,000 people"
2020-06-12,8.20647211965517,"Jun 12, 2020<br><b>8.21</b> cases per 100,000 people"
2020-06-13,7.94364750179763,"Jun 13, 2020<br><b>7.94</b> cases per 100,000 people"
2020-06-14,7.93458458394047,"Jun 14, 2020<br><b>7.93</b> cases per 100,000 people"
2020-06-15,7.78957789822597,"Jun 15, 2020<br><b>7.79</b> cases per 100,000 people"
2020-06-16,7.4497184785826,"Jun 16, 2020<br><b>7.45</b> cases per 100,000 people"
2020-06-17,7.36815221786819,"Jun 17, 2020<br><b>7.37</b> cases per 100,000 people"
2020-06-18,6.98297820893905,"Jun 18, 2020<br><b>6.98</b> cases per 100,000 people"
2020-06-19,6.84250298215312,"Jun 19, 2020<br><b>6.84</b> cases per 100,000 people"
2020-06-20,6.72921650893866,"Jun 20, 2020<br><b>6.73</b> cases per 100,000 people"
2020-06-21,6.87875465358175,"Jun 21, 2020<br><b>6.88</b> cases per 100,000 people"
2020-06-22,6.96032091429615,"Jun 22, 2020<br><b>6.96</b> cases per 100,000 people"
2020-06-23,7.03735571608198,"Jun 23, 2020<br><b>7.04</b> cases per 100,000 people"
2020-06-24,6.89688048929606,"Jun 24, 2020<br><b>6.9</b> cases per 100,000 people"
2020-06-25,6.99657258572478,"Jun 25, 2020<br><b>7</b> cases per 100,000 people"
2020-06-26,7.21408261429653,"Jun 26, 2020<br><b>7.21</b> cases per 100,000 people"
2020-06-27,7.20501969643938,"Jun 27, 2020<br><b>7.21</b> cases per 100,000 people"
2020-06-28,7.3047117928681,"Jun 28, 2020<br><b>7.3</b> cases per 100,000 people"
2020-06-29,7.19142531965364,"Jun 29, 2020<br><b>7.19</b> cases per 100,000 people"
2020-06-30,7.73973185001161,"Jun 30, 2020<br><b>7.74</b> cases per 100,000 people"
2020-07-01,8.03880813929777,"Jul 01, 2020<br><b>8.04</b> cases per 100,000 people"
2020-07-02,8.39679339465545,"Jul 02, 2020<br><b>8.4</b> cases per 100,000 people"
2020-07-03,8.18834628394085,"Jul 03, 2020<br><b>8.19</b> cases per 100,000 people"
2020-07-04,8.18381482501228,"Jul 04, 2020<br><b>8.18</b> cases per 100,000 people"
2020-07-05,8.35827599376254,"Jul 05, 2020<br><b>8.36</b> cases per 100,000 people"
2020-07-06,9.13013449793036,"Jul 06, 2020<br><b>9.13</b> cases per 100,000 people"
2020-07-07,9.39446960209743,"Jul 07, 2020<br><b>9.39</b> cases per 100,000 people"
2020-07-08,9.775112152098,"Jul 08, 2020<br><b>9.78</b> cases per 100,000 people"
2020-07-09,9.99186693751499,"Jul 09, 2020<br><b>9.99</b> cases per 100,000 people"
2020-07-10,10.8377392708496,"Jul 10, 2020<br><b>10.84</b> cases per 100,000 people"
2020-07-11,11.6594438232318,"Jul 11, 2020<br><b>11.66</b> cases per 100,000 people"
2020-07-12,12.3708828750186,"Jul 12, 2020<br><b>12.37</b> cases per 100,000 people"
2020-07-13,12.2666593196613,"Jul 13, 2020<br><b>12.27</b> cases per 100,000 people"
2020-07-14,11.872422392875,"Jul 14, 2020<br><b>11.87</b> cases per 100,000 people"
2020-07-15,12.1035267982324,"Jul 15, 2020<br><b>12.1</b> cases per 100,000 people"
2020-07-16,12.2213447303755,"Jul 16, 2020<br><b>12.22</b> cases per 100,000 people"
2020-07-17,12.3527570393042,"Jul 17, 2020<br><b>12.35</b> cases per 100,000 people"
2020-07-18,11.2969271089455,"Jul 18, 2020<br><b>11.3</b> cases per 100,000 people"
2020-07-19,11.528031514303,"Jul 19, 2020<br><b>11.53</b> cases per 100,000 people"
2020-07-20,10.9661306071593,"Jul 20, 2020<br><b>10.97</b> cases per 100,000 people"
2020-07-21,12.8512175214478,"Jul 21, 2020<br><b>12.85</b> cases per 100,000 people"
2020-07-22,12.9101264875194,"Jul 22, 2020<br><b>12.91</b> cases per 100,000 people"
2020-07-23,13.6351599160919,"Jul 23, 2020<br><b>13.64</b> cases per 100,000 people"
2020-07-24,14.192529364307,"Jul 24, 2020<br><b>14.19</b> cases per 100,000 people"
2020-07-25,15.2483592946657,"Jul 25, 2020<br><b>15.25</b> cases per 100,000 people"
2020-07-26,15.4250861928803,"Jul 26, 2020<br><b>15.43</b> cases per 100,000 people"
2020-07-27,16.6576430214536,"Jul 27, 2020<br><b>16.66</b> cases per 100,000 people"
2020-07-28,15.2302334589514,"Jul 28, 2020<br><b>15.23</b> cases per 100,000 people"
2020-07-29,15.9416725107382,"Jul 29, 2020<br><b>15.94</b> cases per 100,000 people"
2020-07-30,15.7196310232379,"Jul 30, 2020<br><b>15.72</b> cases per 100,000 people"
2020-07-31,15.5836872553805,"Jul 31, 2020<br><b>15.58</b> cases per 100,000 people"
2020-08-01,15.4250861928803,"Aug 01, 2020<br><b>15.43</b> cases per 100,000 people"
2020-08-02,15.2755480482372,"Aug 02, 2020<br><b>15.28</b> cases per 100,000 people"
2020-08-03,15.2846109660944,"Aug 03, 2020<br><b>15.28</b> cases per 100,000 people"
2020-08-04,15.7921343660951,"Aug 04, 2020<br><b>15.79</b> cases per 100,000 people"
2020-08-05,15.5157153714518,"Aug 05, 2020<br><b>15.52</b> cases per 100,000 people"
2020-08-06,15.8374489553809,"Aug 06, 2020<br><b>15.84</b> cases per 100,000 people"
2020-08-07,15.1894503285942,"Aug 07, 2020<br><b>15.19</b> cases per 100,000 people"
2020-08-08,15.9235466750239,"Aug 08, 2020<br><b>15.92</b> cases per 100,000 people"
2020-08-09,16.0957421143099,"Aug 09, 2020<br><b>16.1</b> cases per 100,000 people"
2020-08-10,16.1138679500242,"Aug 10, 2020<br><b>16.11</b> cases per 100,000 people"
2020-08-11,15.1033526089512,"Aug 11, 2020<br><b>15.1</b> cases per 100,000 people"
2020-08-12,14.4055079339502,"Aug 12, 2020<br><b>14.41</b> cases per 100,000 people"
2020-08-13,13.730320553592,"Aug 13, 2020<br><b>13.73</b> cases per 100,000 people"
2020-08-14,14.1109631035926,"Aug 14, 2020<br><b>14.11</b> cases per 100,000 people"
2020-08-15,13.2998319553771,"Aug 15, 2020<br><b>13.3</b> cases per 100,000 people"
2020-08-16,13.064196091091,"Aug 16, 2020<br><b>13.06</b> cases per 100,000 people"
2020-08-17,12.8738748160907,"Aug 17, 2020<br><b>12.87</b> cases per 100,000 people"
2020-08-18,12.9599725357337,"Aug 18, 2020<br><b>12.96</b> cases per 100,000 people"
2020-08-19,13.2273286125198,"Aug 19, 2020<br><b>13.23</b> cases per 100,000 people"
2020-08-20,13.2635802839485,"Aug 20, 2020<br><b>13.26</b> cases per 100,000 people"
2020-08-21,13.5354678196632,"Aug 21, 2020<br><b>13.54</b> cases per 100,000 people"
2020-08-22,13.5581251143061,"Aug 22, 2020<br><b>13.56</b> cases per 100,000 people"
2020-08-23,13.4674959357345,"Aug 23, 2020<br><b>13.47</b> cases per 100,000 people"
2020-08-24,13.6714115875205,"Aug 24, 2020<br><b>13.67</b> cases per 100,000 people"
2020-08-25,13.6079711625204,"Aug 25, 2020<br><b>13.61</b> cases per 100,000 people"
2020-08-26,13.3859296750201,"Aug 26, 2020<br><b>13.39</b> cases per 100,000 people"
2020-08-27,14.6456752571648,"Aug 27, 2020<br><b>14.65</b> cases per 100,000 people"
2020-08-28,14.7589617303793,"Aug 28, 2020<br><b>14.76</b> cases per 100,000 people"
2020-08-29,15.1985132464514,"Aug 29, 2020<br><b>15.2</b> cases per 100,000 people"
2020-08-30,15.352582850023,"Aug 30, 2020<br><b>15.35</b> cases per 100,000 people"
2020-08-31,15.1078840678798,"Aug 31, 2020<br><b>15.11</b> cases per 100,000 people"
2020-09-01,15.0444436428797,"Sep 01, 2020<br><b>15.04</b> cases per 100,000 people"
2020-09-02,15.8465118732381,"Sep 02, 2020<br><b>15.85</b> cases per 100,000 people"
2020-09-03,15.2891424250229,"Sep 03, 2020<br><b>15.29</b> cases per 100,000 people"
2020-09-04,15.3299255553801,"Sep 04, 2020<br><b>15.33</b> cases per 100,000 people"
2020-09-05,15.0897582321655,"Sep 05, 2020<br><b>15.09</b> cases per 100,000 people"
2020-09-06,14.2333124946642,"Sep 06, 2020<br><b>14.23</b> cases per 100,000 people"
2020-09-07,14.0248653839496,"Sep 07, 2020<br><b>14.02</b> cases per 100,000 people"
2020-09-08,14.0248653839496,"Sep 08, 2020<br><b>14.02</b> cases per 100,000 people"
2020-09-09,12.2847851553756,"Sep 09, 2020<br><b>12.28</b> cases per 100,000 people"
2020-09-10,10.4223555357299,"Sep 10, 2020<br><b>10.42</b> cases per 100,000 people"
2020-09-11,8.90884825358479,"Sep 11, 2020<br><b>8.91</b> cases per 100,000 people"
2020-09-12,8.79556178037034,"Sep 12, 2020<br><b>8.8</b> cases per 100,000 people"
2020-09-13,8.96775721965631,"Sep 13, 2020<br><b>8.97</b> cases per 100,000 people"
2020-09-14,9.10370098751366,"Sep 14, 2020<br><b>9.1</b> cases per 100,000 people"
2020-09-15,9.04932348037071,"Sep 15, 2020<br><b>9.05</b> cases per 100,000 people"
2020-09-16,9.36652560537119,"Sep 16, 2020<br><b>9.37</b> cases per 100,000 people"
2020-09-17,10.6353341053731,"Sep 17, 2020<br><b>10.64</b> cases per 100,000 people"
2020-09-18,11.8316392625177,"Sep 18, 2020<br><b>11.83</b> cases per 100,000 people"
2020-09-19,11.496311301803,"Sep 19, 2020<br><b>11.5</b> cases per 100,000 people"
2020-09-20,12.3527570393042,"Sep 20, 2020<br><b>12.35</b> cases per 100,000 people"
2020-09-21,12.7968400143049,"Sep 21, 2020<br><b>12.8</b> cases per 100,000 people"
2020-09-22,12.8784062750193,"Sep 22, 2020<br><b>12.88</b> cases per 100,000 people"
2020-09-23,13.2454544482342,"Sep 23, 2020<br><b>13.25</b> cases per 100,000 people"
2020-09-24,13.2318600714484,"Sep 24, 2020<br><b>13.23</b> cases per 100,000 people"
2020-09-25,13.6260969982347,"Sep 25, 2020<br><b>13.63</b> cases per 100,000 people"
2020-09-26,14.8949054982366,"Sep 26, 2020<br><b>14.89</b> cases per 100,000 people"
2020-09-27,14.6139550446648,"Sep 27, 2020<br><b>14.61</b> cases per 100,000 people"
2020-09-28,14.5323887839504,"Sep 28, 2020<br><b>14.53</b> cases per 100,000 people"
2020-09-29,15.4794637000232,"Sep 29, 2020<br><b>15.48</b> cases per 100,000 people"
2020-09-30,15.8827635446667,"Sep 30, 2020<br><b>15.88</b> cases per 100,000 people"
2020-10-01,15.6018130910948,"Oct 01, 2020<br><b>15.6</b> cases per 100,000 people"
2020-10-02,15.6743164339521,"Oct 02, 2020<br><b>15.67</b> cases per 100,000 people"
2020-10-03,15.5882187143091,"Oct 03, 2020<br><b>15.59</b> cases per 100,000 people"
2020-10-04,15.3616457678802,"Oct 04, 2020<br><b>15.36</b> cases per 100,000 people"
2020-10-05,15.5157153714518,"Oct 05, 2020<br><b>15.52</b> cases per 100,000 people"
2020-10-06,15.986987100024,"Oct 06, 2020<br><b>15.99</b> cases per 100,000 people"
2020-10-07,16.2634060946672,"Oct 07, 2020<br><b>16.26</b> cases per 100,000 people"
2020-10-08,16.7935867893109,"Oct 08, 2020<br><b>16.79</b> cases per 100,000 people"
2020-10-09,17.1334462089543,"Oct 09, 2020<br><b>17.13</b> cases per 100,000 people"
2020-10-10,17.5050258410977,"Oct 10, 2020<br><b>17.51</b> cases per 100,000 people"
2020-10-11,18.7194568339567,"Oct 11, 2020<br><b>18.72</b> cases per 100,000 people"
2020-10-12,19.5985598661008,"Oct 12, 2020<br><b>19.6</b> cases per 100,000 people"
2020-10-13,20.1740551500303,"Oct 13, 2020<br><b>20.17</b> cases per 100,000 people"
2020-10-14,21.315982800032,"Oct 14, 2020<br><b>21.32</b> cases per 100,000 people"
2020-10-15,29.2037423083771,"Oct 15, 2020<br><b>29.2</b> cases per 100,000 people"
2020-10-16,30.8701108050463,"Oct 16, 2020<br><b>30.87</b> cases per 100,000 people"
2020-10-17,35.5710462975534,"Oct 17, 2020<br><b>35.57</b> cases per 100,000 people"
2020-10-18,38.5876385063079,"Oct 18, 2020<br><b>38.59</b> cases per 100,000 people"
2020-10-19,44.7492897844421,"Oct 19, 2020<br><b>44.75</b> cases per 100,000 people"
2020-10-20,52.6661261542457,"Oct 20, 2020<br><b>52.67</b> cases per 100,000 people"
2020-10-21,52.6661261542457,"Oct 21, 2020<br><b>52.67</b> cases per 100,000 people"
2020-10-22,51.4713314834105,"Oct 22, 2020<br><b>51.47</b> cases per 100,000 people"
2020-10-23,48.5874354969479,"Oct 23, 2020<br><b>48.59</b> cases per 100,000 people"
2020-10-24,48.8702740584066,"Oct 24, 2020<br><b>48.87</b> cases per 100,000 people"
2020-10-25,74.653520118862,"Oct 25, 2020<br><b>74.65</b> cases per 100,000 people"
2020-10-26,71.1167164251067,"Oct 26, 2020<br><b>71.12</b> cases per 100,000 people"
2020-10-27,62.6220435175939,"Oct 27, 2020<br><b>62.62</b> cases per 100,000 people"
2020-10-28,58.9467282292551,"Oct 28, 2020<br><b>58.95</b> cases per 100,000 people"
2020-10-29,56.8109005875852,"Oct 29, 2020<br><b>56.81</b> cases per 100,000 people"
2020-10-30,58.3017505750875,"Oct 30, 2020<br><b>58.3</b> cases per 100,000 people"
2020-10-31,54.4907936161532,"Oct 31, 2020<br><b>54.49</b> cases per 100,000 people"
2020-11-01,39.8632441947026,"Nov 01, 2020<br><b>39.86</b> cases per 100,000 people"
2020-11-02,44.113752669709,"Nov 02, 2020<br><b>44.11</b> cases per 100,000 people"
2020-11-03,46.69215280007,"Nov 03, 2020<br><b>46.69</b> cases per 100,000 people"
2020-11-04,49.4623846917409,"Nov 04, 2020<br><b>49.46</b> cases per 100,000 people"
2020-11-05,52.2484766896617,"Nov 05, 2020<br><b>52.25</b> cases per 100,000 people"
2020-11-06,56.9642149480021,"Nov 06, 2020<br><b>56.96</b> cases per 100,000 people"
2020-11-07,63.7364803167623,"Nov 07, 2020<br><b>63.74</b> cases per 100,000 people"
2020-11-08,72.6921536459424,"Nov 08, 2020<br><b>72.69</b> cases per 100,000 people"
2020-11-09,74.3733249084449,"Nov 09, 2020<br><b>74.37</b> cases per 100,000 people"
2020-11-10,76.3505514876145,"Nov 10, 2020<br><b>76.35</b> cases per 100,000 people"
2020-11-11,93.9416750483552,"Nov 11, 2020<br><b>93.94</b> cases per 100,000 people"
2020-11-12,98.9987832126485,"Nov 12, 2020<br><b>99</b> cases per 100,000 people"
2020-11-13,100.542500220984,"Nov 13, 2020<br><b>100.54</b> cases per 100,000 people"
2020-11-14,130.126885079362,"Nov 14, 2020<br><b>130.13</b> cases per 100,000 people"
2020-11-15,132.527047825199,"Nov 15, 2020<br><b>132.53</b> cases per 100,000 people"
2020-11-16,135.170398866869,"Nov 16, 2020<br><b>135.17</b> cases per 100,000 people"
2020-11-17,133.684835581451,"Nov 17, 2020<br><b>133.68</b> cases per 100,000 people"
2020-11-18,124.355921085187,"Nov 18, 2020<br><b>124.36</b> cases per 100,000 people"
2020-11-19,121.361533025182,"Nov 19, 2020<br><b>121.36</b> cases per 100,000 people"
2020-11-20,123.127291521018,"Nov 20, 2020<br><b>123.13</b> cases per 100,000 people"
2020-11-21,97.8198486480634,"Nov 21, 2020<br><b>97.82</b> cases per 100,000 people"
2020-11-22,95.1923577126428,"Nov 22, 2020<br><b>95.19</b> cases per 100,000 people"
2020-11-23,96.4030124897279,"Nov 23, 2020<br><b>96.4</b> cases per 100,000 people"
2020-11-24,100.568933731401,"Nov 24, 2020<br><b>100.57</b> cases per 100,000 people"
2020-11-25,99.778194148364,"Nov 25, 2020<br><b>99.78</b> cases per 100,000 people"
2020-11-26,94.9793791429996,"Nov 26, 2020<br><b>94.98</b> cases per 100,000 people"
2020-11-27,101.971420269796,"Nov 27, 2020<br><b>101.97</b> cases per 100,000 people"
2020-11-28,102.646607650154,"Nov 28, 2020<br><b>102.65</b> cases per 100,000 people"
2020-11-29,112.152097996002,"Nov 29, 2020<br><b>112.15</b> cases per 100,000 people"
2020-11-30,111.824322466834,"Nov 30, 2020<br><b>111.82</b> cases per 100,000 people"
2020-12-01,103.095977327238,"Dec 01, 2020<br><b>103.1</b> cases per 100,000 people"
2020-12-02,101.346078937652,"Dec 02, 2020<br><b>101.35</b> cases per 100,000 people"
2020-12-03,105.078490608491,"Dec 03, 2020<br><b>105.08</b> cases per 100,000 people"
2020-12-04,95.366818881393,"Dec 04, 2020<br><b>95.37</b> cases per 100,000 people"
2020-12-05,95.5322171322861,"Dec 05, 2020<br><b>95.53</b> cases per 100,000 people"
2020-12-06,86.4692992751297,"Dec 06, 2020<br><b>86.47</b> cases per 100,000 people"
2020-12-07,87.2668360465595,"Dec 07, 2020<br><b>87.27</b> cases per 100,000 people"
2020-12-08,87.5115348287027,"Dec 08, 2020<br><b>87.51</b> cases per 100,000 people"
2020-12-09,86.6641520090586,"Dec 09, 2020<br><b>86.66</b> cases per 100,000 people"
2020-12-10,80.3835499340491,"Dec 10, 2020<br><b>80.38</b> cases per 100,000 people"
2020-12-11,76.4774323376147,"Dec 11, 2020<br><b>76.48</b> cases per 100,000 people"
2020-12-12,73.1875931554669,"Dec 12, 2020<br><b>73.19</b> cases per 100,000 people"
2020-12-13,67.7724997358159,"Dec 13, 2020<br><b>67.77</b> cases per 100,000 people"
2020-12-14,61.1973528304489,"Dec 14, 2020<br><b>61.2</b> cases per 100,000 people"
2020-12-15,60.2321520786618,"Dec 15, 2020<br><b>60.23</b> cases per 100,000 people"
2020-12-16,54.2370319161528,"Dec 16, 2020<br><b>54.24</b> cases per 100,000 people"
2020-12-17,53.1313559375797,"Dec 17, 2020<br><b>53.13</b> cases per 100,000 people"
2020-12-18,50.1995020107896,"Dec 18, 2020<br><b>50.2</b> cases per 100,000 people"
2020-12-19,46.0486856322119,"Dec 19, 2020<br><b>46.05</b> cases per 100,000 people"
2020-12-20,44.4762693839953,"Dec 20, 2020<br><b>44.48</b> cases per 100,000 people"
2020-12-21,41.7302052732769,"Dec 21, 2020<br><b>41.73</b> cases per 100,000 people"
2020-12-22,39.7590206393454,"Dec 22, 2020<br><b>39.76</b> cases per 100,000 people"
2020-12-23,38.2001987679144,"Dec 23, 2020<br><b>38.2</b> cases per 100,000 people"
2020-12-24,35.9979097286254,"Dec 24, 2020<br><b>36</b> cases per 100,000 people"
2020-12-25,35.3574635333864,"Dec 25, 2020<br><b>35.36</b> cases per 100,000 people"
2020-12-26,33.4859709958836,"Dec 26, 2020<br><b>33.49</b> cases per 100,000 people"
2020-12-27,33.4965444000502,"Dec 27, 2020<br><b>33.5</b> cases per 100,000 people"
2020-12-28,30.7897529333795,"Dec 28, 2020<br><b>30.79</b> cases per 100,000 people"
2020-12-29,27.4855641312912,"Dec 29, 2020<br><b>27.49</b> cases per 100,000 people"
2020-12-30,28.6169183771263,"Dec 30, 2020<br><b>28.62</b> cases per 100,000 people"
2020-12-31,29.6213917729611,"Dec 31, 2020<br><b>29.62</b> cases per 100,000 people"
2021-01-01,29.6213917729611,"Jan 01, 2021<br><b>29.62</b> cases per 100,000 people"
2021-01-02,31.0699481437966,"Jan 02, 2021<br><b>31.07</b> cases per 100,000 people"
2021-01-03,31.8100864354644,"Jan 03, 2021<br><b>31.81</b> cases per 100,000 people"
2021-01-04,37.7259060667233,"Jan 04, 2021<br><b>37.73</b> cases per 100,000 people"
2021-01-05,39.8934539208932,"Jan 05, 2021<br><b>39.89</b> cases per 100,000 people"
2021-01-06,41.130542208395,"Jan 06, 2021<br><b>41.13</b> cases per 100,000 people"
2021-01-07,40.7816198708945,"Jan 07, 2021<br><b>40.78</b> cases per 100,000 people"
2021-01-08,40.9326685018471,"Jan 08, 2021<br><b>40.93</b> cases per 100,000 people"
2021-01-09,41.2045560375618,"Jan 09, 2021<br><b>41.2</b> cases per 100,000 people"
2021-01-10,39.9266846197028,"Jan 10, 2021<br><b>39.93</b> cases per 100,000 people"
2021-01-11,34.9511427161239,"Jan 11, 2021<br><b>34.95</b> cases per 100,000 people"
2021-01-12,33.917970080408,"Jan 12, 2021<br><b>33.92</b> cases per 100,000 people"
2021-01-13,31.5162968482616,"Jan 13, 2021<br><b>31.52</b> cases per 100,000 people"
2021-01-14,30.1296704161166,"Jan 14, 2021<br><b>30.13</b> cases per 100,000 people"
2021-01-15,27.9455072125419,"Jan 15, 2021<br><b>27.95</b> cases per 100,000 people"
2021-01-16,25.4985193911097,"Jan 16, 2021<br><b>25.5</b> cases per 100,000 people"
2021-01-17,22.2630577161048,"Jan 17, 2021<br><b>22.26</b> cases per 100,000 people"
2021-01-18,21.7917859875327,"Jan 18, 2021<br><b>21.79</b> cases per 100,000 people"
2021-01-19,21.5425557464609,"Jan 19, 2021<br><b>21.54</b> cases per 100,000 people"
2021-01-20,20.8718998250313,"Jan 20, 2021<br><b>20.87</b> cases per 100,000 people"
2021-01-21,20.2103068214589,"Jan 21, 2021<br><b>20.21</b> cases per 100,000 people"
2021-01-22,20.0063911696729,"Jan 22, 2021<br><b>20.01</b> cases per 100,000 people"
2021-01-23,20.0063911696729,"Jan 23, 2021<br><b>20.01</b> cases per 100,000 people"
2021-01-24,20.0562372178872,"Jan 24, 2021<br><b>20.06</b> cases per 100,000 people"
2021-01-25,19.9384192857442,"Jan 25, 2021<br><b>19.94</b> cases per 100,000 people"
2021-01-26,19.3130779536004,"Jan 26, 2021<br><b>19.31</b> cases per 100,000 people"
2021-01-27,18.6741422446709,"Jan 27, 2021<br><b>18.67</b> cases per 100,000 people"
2021-01-28,19.2496375286003,"Jan 28, 2021<br><b>19.25</b> cases per 100,000 people"
2021-01-29,18.7828972589567,"Jan 29, 2021<br><b>18.78</b> cases per 100,000 people"
2021-01-30,17.3373618607403,"Jan 30, 2021<br><b>17.34</b> cases per 100,000 people"
2021-01-31,17.0700057839542,"Jan 31, 2021<br><b>17.07</b> cases per 100,000 people"
2021-02-01,17.0110968178827,"Feb 01, 2021<br><b>17.01</b> cases per 100,000 people"
2021-02-02,16.7890553303823,"Feb 02, 2021<br><b>16.79</b> cases per 100,000 people"
2021-02-03,16.4718532053819,"Feb 03, 2021<br><b>16.47</b> cases per 100,000 people"
2021-02-04,16.7799924125252,"Feb 04, 2021<br><b>16.78</b> cases per 100,000 people"
2021-02-05,16.15918253931,"Feb 05, 2021<br><b>16.16</b> cases per 100,000 people"
2021-02-06,16.3359094375245,"Feb 06, 2021<br><b>16.34</b> cases per 100,000 people"
2021-02-07,16.0594904428812,"Feb 07, 2021<br><b>16.06</b> cases per 100,000 people"
2021-02-08,15.4749322410946,"Feb 08, 2021<br><b>15.47</b> cases per 100,000 people"
2021-02-09,15.1758559518085,"Feb 09, 2021<br><b>15.18</b> cases per 100,000 people"
2021-02-10,14.9583459232367,"Feb 10, 2021<br><b>14.96</b> cases per 100,000 people"
2021-02-11,13.5853138678775,"Feb 11, 2021<br><b>13.59</b> cases per 100,000 people"
2021-02-12,13.7348520125206,"Feb 12, 2021<br><b>13.73</b> cases per 100,000 people"
2021-02-13,13.4674959357345,"Feb 13, 2021<br><b>13.47</b> cases per 100,000 people"
2021-02-14,13.1593567285912,"Feb 14, 2021<br><b>13.16</b> cases per 100,000 people"
2021-02-15,13.2771746607342,"Feb 15, 2021<br><b>13.28</b> cases per 100,000 people"
2021-02-16,13.150293810734,"Feb 16, 2021<br><b>13.15</b> cases per 100,000 people"
2021-02-17,13.3587409214486,"Feb 17, 2021<br><b>13.36</b> cases per 100,000 people"
2021-02-18,13.612502621449,"Feb 18, 2021<br><b>13.61</b> cases per 100,000 people"
2021-02-19,13.408586969663,"Feb 19, 2021<br><b>13.41</b> cases per 100,000 people"
2021-02-20,13.408586969663,"Feb 20, 2021<br><b>13.41</b> cases per 100,000 people"
2021-02-21,13.440307182163,"Feb 21, 2021<br><b>13.44</b> cases per 100,000 people"
2021-02-22,13.2590488250199,"Feb 22, 2021<br><b>13.26</b> cases per 100,000 people"
2021-02-23,13.408586969663,"Feb 23, 2021<br><b>13.41</b> cases per 100,000 people"
2021-02-24,13.6578172107348,"Feb 24, 2021<br><b>13.66</b> cases per 100,000 people"
2021-02-25,13.9614249589495,"Feb 25, 2021<br><b>13.96</b> cases per 100,000 people"
2021-02-26,14.2559697893071,"Feb 26, 2021<br><b>14.26</b> cases per 100,000 people"
2021-02-27,13.934236205378,"Feb 27, 2021<br><b>13.93</b> cases per 100,000 people"
2021-02-28,13.8979845339494,"Feb 28, 2021<br><b>13.9</b> cases per 100,000 people"
2021-03-01,14.3601933446644,"Mar 01, 2021<br><b>14.36</b> cases per 100,000 people"
2021-03-02,14.1517462339498,"Mar 02, 2021<br><b>14.15</b> cases per 100,000 people"
2021-03-03,14.1336203982355,"Mar 03, 2021<br><b>14.13</b> cases per 100,000 people"
2021-03-04,13.9251732875209,"Mar 04, 2021<br><b>13.93</b> cases per 100,000 people"
2021-03-05,13.1231050571625,"Mar 05, 2021<br><b>13.12</b> cases per 100,000 people"
2021-03-06,13.3995240518058,"Mar 06, 2021<br><b>13.4</b> cases per 100,000 people"
2021-03-07,13.7257890946634,"Mar 07, 2021<br><b>13.73</b> cases per 100,000 people"
2021-03-08,13.0687275500196,"Mar 08, 2021<br><b>13.07</b> cases per 100,000 people"
2021-03-09,13.7393834714492,"Mar 09, 2021<br><b>13.74</b> cases per 100,000 people"
2021-03-10,13.8843901571637,"Mar 10, 2021<br><b>13.88</b> cases per 100,000 people"
2021-03-11,14.1834664464498,"Mar 11, 2021<br><b>14.18</b> cases per 100,000 people"
2021-03-12,14.8541223678794,"Mar 12, 2021<br><b>14.85</b> cases per 100,000 people"
2021-03-13,15.728693941095,"Mar 13, 2021<br><b>15.73</b> cases per 100,000 people"
2021-03-14,15.728693941095,"Mar 14, 2021<br><b>15.73</b> cases per 100,000 people"
2021-03-15,16.6168598910964,"Mar 15, 2021<br><b>16.62</b> cases per 100,000 people"
2021-03-16,16.5715453018106,"Mar 16, 2021<br><b>16.57</b> cases per 100,000 people"
2021-03-17,17.0518799482399,"Mar 17, 2021<br><b>17.05</b> cases per 100,000 people"
2021-03-18,18.1847446803844,"Mar 18, 2021<br><b>18.18</b> cases per 100,000 people"
2021-03-19,18.9007151910998,"Mar 19, 2021<br><b>18.9</b> cases per 100,000 people"
2021-03-20,19.2224487750288,"Mar 20, 2021<br><b>19.22</b> cases per 100,000 people"
2021-03-21,19.0502533357429,"Mar 21, 2021<br><b>19.05</b> cases per 100,000 people"
2021-03-22,20.0788945125301,"Mar 22, 2021<br><b>20.08</b> cases per 100,000 people"
2021-03-23,20.4731314393164,"Mar 23, 2021<br><b>20.47</b> cases per 100,000 people"
2021-03-24,21.1936334089604,"Mar 24, 2021<br><b>21.19</b> cases per 100,000 people"
2021-03-25,22.1180510303903,"Mar 25, 2021<br><b>22.12</b> cases per 100,000 people"
2021-03-26,22.734329444677,"Mar 26, 2021<br><b>22.73</b> cases per 100,000 people"
2021-03-27,23.518271839321,"Mar 27, 2021<br><b>23.52</b> cases per 100,000 people"
2021-03-28,24.2795569393221,"Mar 28, 2021<br><b>24.28</b> cases per 100,000 people"
2021-03-29,25.2810093625379,"Mar 29, 2021<br><b>25.28</b> cases per 100,000 people"
2021-03-30,26.5634122393256,"Mar 30, 2021<br><b>26.56</b> cases per 100,000 people"
2021-03-31,27.4878298607555,"Mar 31, 2021<br><b>27.49</b> cases per 100,000 people"
2021-04-01,27.7597173964702,"Apr 01, 2021<br><b>27.76</b> cases per 100,000 people"
2021-04-02,30.7414173714747,"Apr 02, 2021<br><b>30.74</b> cases per 100,000 people"
2021-04-03,31.7338068768333,"Apr 03, 2021<br><b>31.73</b> cases per 100,000 people"
2021-04-04,28.8291417036147,"Apr 04, 2021<br><b>28.83</b> cases per 100,000 people"
2021-04-05,28.1630172411137,"Apr 05, 2021<br><b>28.16</b> cases per 100,000 people"
2021-04-06,32.875734526835,"Apr 06, 2021<br><b>32.88</b> cases per 100,000 people"
2021-04-07,34.0539138482654,"Apr 07, 2021<br><b>34.05</b> cases per 100,000 people"
2021-04-08,35.6308615554106,"Apr 08, 2021<br><b>35.63</b> cases per 100,000 people"
2021-04-09,35.1777156625528,"Apr 09, 2021<br><b>35.18</b> cases per 100,000 people"
2021-04-10,36.2426085107686,"Apr 10, 2021<br><b>36.24</b> cases per 100,000 people"
2021-04-11,40.7650045214897,"Apr 11, 2021<br><b>40.77</b> cases per 100,000 people"
2021-04-12,42.9265104304215,"Apr 12, 2021<br><b>42.93</b> cases per 100,000 people"
2021-04-13,38.0869122947,"Apr 13, 2021<br><b>38.09</b> cases per 100,000 people"
2021-04-14,37.044676741127,"Apr 14, 2021<br><b>37.04</b> cases per 100,000 people"
2021-04-15,37.5204799286277,"Apr 15, 2021<br><b>37.52</b> cases per 100,000 people"
2021-04-16,36.6323139786264,"Apr 16, 2021<br><b>36.63</b> cases per 100,000 people"
2021-04-17,36.7773206643409,"Apr 17, 2021<br><b>36.78</b> cases per 100,000 people"
2021-04-18,36.9857677750555,"Apr 18, 2021<br><b>36.99</b> cases per 100,000 people"
2021-04-19,34.9012966679095,"Apr 19, 2021<br><b>34.9</b> cases per 100,000 people"
2021-04-20,34.8287933250522,"Apr 20, 2021<br><b>34.83</b> cases per 100,000 people"
2021-04-21,34.4708080696946,"Apr 21, 2021<br><b>34.47</b> cases per 100,000 people"
2021-04-22,32.5358751071917,"Apr 22, 2021<br><b>32.54</b> cases per 100,000 people"
2021-04-23,32.5132178125488,"Apr 23, 2021<br><b>32.51</b> cases per 100,000 people"
2021-04-24,31.4755137179044,"Apr 24, 2021<br><b>31.48</b> cases per 100,000 people"
2021-04-25,30.5284388018315,"Apr 25, 2021<br><b>30.53</b> cases per 100,000 people"
2021-04-26,30.2882714786169,"Apr 26, 2021<br><b>30.29</b> cases per 100,000 people"
2021-04-27,29.6402728518302,"Apr 27, 2021<br><b>29.64</b> cases per 100,000 people"
2021-04-28,29.6357413929016,"Apr 28, 2021<br><b>29.64</b> cases per 100,000 people"
2021-04-29,29.3004134321868,"Apr 29, 2021<br><b>29.3</b> cases per 100,000 people"
2021-04-30,27.9500386714705,"Apr 30, 2021<br><b>27.95</b> cases per 100,000 people"
2021-05-01,27.0799985571835,"May 01, 2021<br><b>27.08</b> cases per 100,000 people"
2021-05-02,27.7008084303987,"May 02, 2021<br><b>27.7</b> cases per 100,000 people"
2021-05-03,27.4379838125412,"May 03, 2021<br><b>27.44</b> cases per 100,000 people"
2021-05-04,27.4697040250412,"May 04, 2021<br><b>27.47</b> cases per 100,000 people"
2021-05-05,26.5679436982541,"May 05, 2021<br><b>26.57</b> cases per 100,000 people"
2021-05-06,25.8519731875388,"May 06, 2021<br><b>25.85</b> cases per 100,000 people"
2021-05-07,25.4622677196811,"May 07, 2021<br><b>25.46</b> cases per 100,000 people"
2021-05-08,24.3837804946794,"May 08, 2021<br><b>24.38</b> cases per 100,000 people"
2021-05-09,21.8869466250328,"May 09, 2021<br><b>21.89</b> cases per 100,000 people"
2021-05-10,22.2811835518191,"May 10, 2021<br><b>22.28</b> cases per 100,000 people"
2021-05-11,21.0712840178888,"May 11, 2021<br><b>21.07</b> cases per 100,000 people"
2021-05-12,20.1242091018159,"May 12, 2021<br><b>20.12</b> cases per 100,000 people"
2021-05-13,18.3977232500276,"May 13, 2021<br><b>18.4</b> cases per 100,000 people"
2021-05-14,17.8176965071696,"May 14, 2021<br><b>17.82</b> cases per 100,000 people"
2021-05-15,16.4537273696675,"May 15, 2021<br><b>16.45</b> cases per 100,000 people"
2021-05-16,16.4763846643104,"May 16, 2021<br><b>16.48</b> cases per 100,000 people"
2021-05-17,14.4916056535932,"May 17, 2021<br><b>14.49</b> cases per 100,000 people"
2021-05-18,14.27862708395,"May 18, 2021<br><b>14.28</b> cases per 100,000 people"
2021-05-19,13.644222833949,"May 19, 2021<br><b>13.64</b> cases per 100,000 people"
2021-05-20,13.4765588535916,"May 20, 2021<br><b>13.48</b> cases per 100,000 people"
2021-05-21,11.7138213303747,"May 21, 2021<br><b>11.71</b> cases per 100,000 people"
2021-05-22,11.1020743750167,"May 22, 2021<br><b>11.1</b> cases per 100,000 people"
2021-05-23,10.1504680000152,"May 23, 2021<br><b>10.15</b> cases per 100,000 people"
2021-05-24,10.0326500678722,"May 24, 2021<br><b>10.03</b> cases per 100,000 people"
2021-05-25,9.4480918660856,"May 25, 2021<br><b>9.45</b> cases per 100,000 people"
2021-05-26,9.08557515179934,"May 26, 2021<br><b>9.09</b> cases per 100,000 people"
2021-05-27,8.13850023572649,"May 27, 2021<br><b>8.14</b> cases per 100,000 people"
2021-05-28,7.58566224643995,"May 28, 2021<br><b>7.59</b> cases per 100,000 people"
2021-05-29,6.93766361965326,"May 29, 2021<br><b>6.94</b> cases per 100,000 people"
2021-05-30,6.67483900179573,"May 30, 2021<br><b>6.67</b> cases per 100,000 people"
2021-05-31,6.2911754791761,"May 31, 2021<br><b>6.29</b> cases per 100,000 people"
2021-06-01,5.91581963125887,"Jun 01, 2021<br><b>5.92</b> cases per 100,000 people"
2021-06-02,5.12281431875768,"Jun 02, 2021<br><b>5.12</b> cases per 100,000 people"
2021-06-03,4.35095581458986,"Jun 03, 2021<br><b>4.35</b> cases per 100,000 people"
2021-06-04,3.99146007292265,"Jun 04, 2021<br><b>3.99</b> cases per 100,000 people"
2021-06-05,3.87515262708915,"Jun 05, 2021<br><b>3.88</b> cases per 100,000 people"
2021-06-06,3.82228560625573,"Jun 06, 2021<br><b>3.82</b> cases per 100,000 people"
2021-06-07,3.77923674643424,"Jun 07, 2021<br><b>3.78</b> cases per 100,000 people"
2021-06-08,3.7882996642914,"Jun 08, 2021<br><b>3.79</b> cases per 100,000 people"
2021-06-09,3.83361425357718,"Jun 09, 2021<br><b>3.83</b> cases per 100,000 people"
2021-06-10,3.61157276607685,"Jun 10, 2021<br><b>3.61</b> cases per 100,000 people"
2021-06-11,3.36234252500504,"Jun 11, 2021<br><b>3.36</b> cases per 100,000 people"
2021-06-12,3.07686061250462,"Jun 12, 2021<br><b>3.08</b> cases per 100,000 people"
2021-06-13,2.80044161786134,"Jun 13, 2021<br><b>2.8</b> cases per 100,000 people"
2021-06-14,2.56933721250385,"Jun 14, 2021<br><b>2.57</b> cases per 100,000 people"
2021-06-15,2.52402262321807,"Jun 15, 2021<br><b>2.52</b> cases per 100,000 people"
2021-06-16,2.26572946428911,"Jun 16, 2021<br><b>2.27</b> cases per 100,000 people"
2021-06-17,2.39714177321788,"Jun 17, 2021<br><b>2.4</b> cases per 100,000 people"
2021-06-18,2.35635864286068,"Jun 18, 2021<br><b>2.36</b> cases per 100,000 people"
2021-06-19,2.288386758932,"Jun 19, 2021<br><b>2.29</b> cases per 100,000 people"
2021-06-20,2.24307216964622,"Jun 20, 2021<br><b>2.24</b> cases per 100,000 people"
2021-06-21,2.21135195714617,"Jun 21, 2021<br><b>2.21</b> cases per 100,000 people"
2021-06-22,2.12978569643177,"Jun 22, 2021<br><b>2.13</b> cases per 100,000 people"
2021-06-23,2.11165986071745,"Jun 23, 2021<br><b>2.11</b> cases per 100,000 people"
2021-06-24,1.88961837321712,"Jun 24, 2021<br><b>1.89</b> cases per 100,000 people"
2021-06-25,1.82164648928845,"Jun 25, 2021<br><b>1.82</b> cases per 100,000 people"
2021-06-26,1.64945105000247,"Jun 26, 2021<br><b>1.65</b> cases per 100,000 people"
2021-06-27,1.54975895357375,"Jun 27, 2021<br><b>1.55</b> cases per 100,000 people"
2021-06-28,1.52710165893086,"Jun 28, 2021<br><b>1.53</b> cases per 100,000 people"
2021-06-29,1.63132521428816,"Jun 29, 2021<br><b>1.63</b> cases per 100,000 people"
2021-06-30,1.65398250893105,"Jun 30, 2021<br><b>1.65</b> cases per 100,000 people"
2021-07-01,1.57694770714522,"Jul 01, 2021<br><b>1.58</b> cases per 100,000 people"
2021-07-02,1.55882187143091,"Jul 02, 2021<br><b>1.56</b> cases per 100,000 people"
2021-07-03,1.71289147500257,"Jul 03, 2021<br><b>1.71</b> cases per 100,000 people"
2021-07-04,1.46366123393077,"Jul 04, 2021<br><b>1.46</b> cases per 100,000 people"
2021-07-05,1.24615120535901,"Jul 05, 2021<br><b>1.25</b> cases per 100,000 people"
2021-07-06,1.33678038393058,"Jul 06, 2021<br><b>1.34</b> cases per 100,000 people"
2021-07-07,1.74008022857404,"Jul 07, 2021<br><b>1.74</b> cases per 100,000 people"
2021-07-08,1.89868129107428,"Jul 08, 2021<br><b>1.9</b> cases per 100,000 people"
2021-07-09,2.06181381250309,"Jul 09, 2021<br><b>2.06</b> cases per 100,000 people"
2021-07-10,1.73101731071688,"Jul 10, 2021<br><b>1.73</b> cases per 100,000 people"
2021-07-11,1.73101731071688,"Jul 11, 2021<br><b>1.73</b> cases per 100,000 people"
2021-07-12,2.31557551250347,"Jul 12, 2021<br><b>2.32</b> cases per 100,000 people"
2021-07-13,3.04967185893315,"Jul 13, 2021<br><b>3.05</b> cases per 100,000 people"
2021-07-14,3.11764374286182,"Jul 14, 2021<br><b>3.12</b> cases per 100,000 people"
2021-07-15,3.26265042857632,"Jul 15, 2021<br><b>3.26</b> cases per 100,000 people"
2021-07-16,3.55266380000533,"Jul 16, 2021<br><b>3.55</b> cases per 100,000 people"
2021-07-17,3.55266380000533,"Jul 17, 2021<br><b>3.55</b> cases per 100,000 people"
2021-07-18,3.55266380000533,"Jul 18, 2021<br><b>3.55</b> cases per 100,000 people"
2021-07-19,3.75204799286277,"Jul 19, 2021<br><b>3.75</b> cases per 100,000 people"
2021-07-20,4.4317668321495,"Jul 20, 2021<br><b>4.43</b> cases per 100,000 people"
2021-07-21,4.53145892857823,"Jul 21, 2021<br><b>4.53</b> cases per 100,000 people"
2021-07-22,5.00273065715036,"Jul 22, 2021<br><b>5</b> cases per 100,000 people"
2021-07-23,5.3063384053651,"Jul 23, 2021<br><b>5.31</b> cases per 100,000 people"
2021-07-24,5.3063384053651,"Jul 24, 2021<br><b>5.31</b> cases per 100,000 people"
2021-07-25,5.3063384053651,"Jul 25, 2021<br><b>5.31</b> cases per 100,000 people"
2021-07-26,5.70510679107999,"Jul 26, 2021<br><b>5.71</b> cases per 100,000 people"
2021-07-27,6.8470344410817,"Jul 27, 2021<br><b>6.85</b> cases per 100,000 people"
2021-07-28,7.82129811072602,"Jul 28, 2021<br><b>7.82</b> cases per 100,000 people"
2021-07-29,8.25631816786953,"Jul 29, 2021<br><b>8.26</b> cases per 100,000 people"
2021-07-30,9.08557515179934,"Jul 30, 2021<br><b>9.09</b> cases per 100,000 people"
2021-07-31,9.08557515179934,"Jul 31, 2021<br><b>9.09</b> cases per 100,000 people"
2021-08-01,9.08557515179934,"Aug 01, 2021<br><b>9.09</b> cases per 100,000 people"
2021-08-02,9.56590979822863,"Aug 02, 2021<br><b>9.57</b> cases per 100,000 people"
2021-08-03,11.034102491088,"Aug 03, 2021<br><b>11.03</b> cases per 100,000 people"
2021-08-04,11.9086740643036,"Aug 04, 2021<br><b>11.91</b> cases per 100,000 people"
2021-08-05,12.7062108357333,"Aug 05, 2021<br><b>12.71</b> cases per 100,000 people"
2021-08-06,13.3134263321628,"Aug 06, 2021<br><b>13.31</b> cases per 100,000 people"
2021-08-07,13.3134263321628,"Aug 07, 2021<br><b>13.31</b> cases per 100,000 people"
2021-08-08,13.3134263321628,"Aug 08, 2021<br><b>13.31</b> cases per 100,000 people"
2021-08-09,14.3828506393073,"Aug 09, 2021<br><b>14.38</b> cases per 100,000 people"
2021-08-10,13.9297047464495,"Aug 10, 2021<br><b>13.93</b> cases per 100,000 people"
2021-08-11,15.6788478928807,"Aug 11, 2021<br><b>15.68</b> cases per 100,000 people"
2021-08-12,16.7256149053822,"Aug 12, 2021<br><b>16.73</b> cases per 100,000 people"
2021-08-13,17.3056416482402,"Aug 13, 2021<br><b>17.31</b> cases per 100,000 people"
2021-08-14,17.3056416482402,"Aug 14, 2021<br><b>17.31</b> cases per 100,000 people"
2021-08-15,17.3056416482402,"Aug 15, 2021<br><b>17.31</b> cases per 100,000 people"
2021-08-16,18.1847446803844,"Aug 16, 2021<br><b>18.18</b> cases per 100,000 people"
2021-08-17,21.3884861428892,"Aug 17, 2021<br><b>21.39</b> cases per 100,000 people"
2021-08-18,20.0199855464586,"Aug 18, 2021<br><b>20.02</b> cases per 100,000 people"
2021-08-19,19.4218329678863,"Aug 19, 2021<br><b>19.42</b> cases per 100,000 people"
2021-08-20,20.0607686768158,"Aug 20, 2021<br><b>20.06</b> cases per 100,000 people"
2021-08-21,20.0607686768158,"Aug 21, 2021<br><b>20.06</b> cases per 100,000 people"
2021-08-22,20.0607686768158,"Aug 22, 2021<br><b>20.06</b> cases per 100,000 people"
2021-08-23,20.4232853911021,"Aug 23, 2021<br><b>20.42</b> cases per 100,000 people"
2021-08-24,21.6422478428896,"Aug 24, 2021<br><b>21.64</b> cases per 100,000 people"
2021-08-25,22.0817993589617,"Aug 25, 2021<br><b>22.08</b> cases per 100,000 people"
2021-08-26,23.5590549696782,"Aug 26, 2021<br><b>23.56</b> cases per 100,000 people"
2021-08-27,23.8807885536072,"Aug 27, 2021<br><b>23.88</b> cases per 100,000 people"
2021-08-28,23.8807885536072,"Aug 28, 2021<br><b>23.88</b> cases per 100,000 people"
2021-08-29,23.8807885536072,"Aug 29, 2021<br><b>23.88</b> cases per 100,000 people"
2021-08-30,24.0212637803932,"Aug 30, 2021<br><b>24.02</b> cases per 100,000 people"
2021-08-31,24.1798648428934,"Aug 31, 2021<br><b>24.18</b> cases per 100,000 people"
2021-09-01,23.7946908339643,"Sep 01, 2021<br><b>23.79</b> cases per 100,000 people"
2021-09-02,23.6859358196784,"Sep 02, 2021<br><b>23.69</b> cases per 100,000 people"
2021-09-03,24.1572075482505,"Sep 03, 2021<br><b>24.16</b> cases per 100,000 people"
2021-09-04,24.1572075482505,"Sep 04, 2021<br><b>24.16</b> cases per 100,000 people"
2021-09-05,24.1572075482505,"Sep 05, 2021<br><b>24.16</b> cases per 100,000 people"
2021-09-06,20.0426428411015,"Sep 06, 2021<br><b>20.04</b> cases per 100,000 people"
2021-09-07,16.0504275250241,"Sep 07, 2021<br><b>16.05</b> cases per 100,000 people"
2021-09-08,25.2991351982522,"Sep 08, 2021<br><b>25.3</b> cases per 100,000 people"
2021-09-09,24.012200862536,"Sep 09, 2021<br><b>24.01</b> cases per 100,000 people"
2021-09-10,23.5454605928925,"Sep 10, 2021<br><b>23.55</b> cases per 100,000 people"
2021-09-11,23.5454605928925,"Sep 11, 2021<br><b>23.55</b> cases per 100,000 people"
2021-09-12,23.5454605928925,"Sep 12, 2021<br><b>23.55</b> cases per 100,000 people"
2021-09-13,28.8110158679004,"Sep 13, 2021<br><b>28.81</b> cases per 100,000 people"
2021-09-14,34.3122070071943,"Sep 14, 2021<br><b>34.31</b> cases per 100,000 people"
2021-09-15,27.3246973393267,"Sep 15, 2021<br><b>27.32</b> cases per 100,000 people"
2021-09-16,29.0149315196864,"Sep 16, 2021<br><b>29.01</b> cases per 100,000 people"
2021-09-17,30.1840479232596,"Sep 17, 2021<br><b>30.18</b> cases per 100,000 people"
2021-09-18,30.1840479232596,"Sep 18, 2021<br><b>30.18</b> cases per 100,000 people"
2021-09-19,30.1840479232596,"Sep 19, 2021<br><b>30.18</b> cases per 100,000 people"
2021-09-20,29.9801322714735,"Sep 20, 2021<br><b>29.98</b> cases per 100,000 people"
2021-09-21,31.9241281518336,"Sep 21, 2021<br><b>31.92</b> cases per 100,000 people"
2021-09-22,29.9438806000449,"Sep 22, 2021<br><b>29.94</b> cases per 100,000 people"
2021-09-23,29.6765245232588,"Sep 23, 2021<br><b>29.68</b> cases per 100,000 people"
2021-09-24,29.4771403304014,"Sep 24, 2021<br><b>29.48</b> cases per 100,000 people"
2021-09-25,29.4771403304014,"Sep 25, 2021<br><b>29.48</b> cases per 100,000 people"
2021-09-26,29.4771403304014,"Sep 26, 2021<br><b>29.48</b> cases per 100,000 people"
2021-09-27,29.2822875964725,"Sep 27, 2021<br><b>29.28</b> cases per 100,000 people"
2021-09-28,29.0285258964721,"Sep 28, 2021<br><b>29.03</b> cases per 100,000 people"
2021-09-29,29.3004134321868,"Sep 29, 2021<br><b>29.3</b> cases per 100,000 people"
2021-09-30,29.921223305402,"Sep 30, 2021<br><b>29.92</b> cases per 100,000 people"
2021-10-01,31.4891080946901,"Oct 01, 2021<br><b>31.49</b> cases per 100,000 people"
2021-10-02,31.4891080946901,"Oct 02, 2021<br><b>31.49</b> cases per 100,000 people"
2021-10-03,31.4891080946901,"Oct 03, 2021<br><b>31.49</b> cases per 100,000 people"
2021-10-04,32.1642954750482,"Oct 04, 2021<br><b>32.16</b> cases per 100,000 people"
2021-10-05,33.5826421196932,"Oct 05, 2021<br><b>33.58</b> cases per 100,000 people"
2021-10-06,37.6609551554136,"Oct 06, 2021<br><b>37.66</b> cases per 100,000 people"
2021-10-07,37.1398373786271,"Oct 07, 2021<br><b>37.14</b> cases per 100,000 people"
2021-10-08,37.1806205089843,"Oct 08, 2021<br><b>37.18</b> cases per 100,000 people"
2021-10-09,37.1806205089843,"Oct 09, 2021<br><b>37.18</b> cases per 100,000 people"
2021-10-10,37.1806205089843,"Oct 10, 2021<br><b>37.18</b> cases per 100,000 people"
2021-10-11,37.248592392913,"Oct 11, 2021<br><b>37.25</b> cases per 100,000 people"
2021-10-12,38.5581840232721,"Oct 12, 2021<br><b>38.56</b> cases per 100,000 people"
2021-10-13,35.4813234107675,"Oct 13, 2021<br><b>35.48</b> cases per 100,000 people"
2021-10-14,36.5144960464834,"Oct 14, 2021<br><b>36.51</b> cases per 100,000 people"
2021-10-15,35.7350851107679,"Oct 15, 2021<br><b>35.74</b> cases per 100,000 people"
2021-10-16,35.7350851107679,"Oct 16, 2021<br><b>35.74</b> cases per 100,000 people"
2021-10-17,35.7350851107679,"Oct 17, 2021<br><b>35.74</b> cases per 100,000 people"
2021-10-18,35.3770998554102,"Oct 18, 2021<br><b>35.38</b> cases per 100,000 people"
2021-10-19,31.9603798232622,"Oct 19, 2021<br><b>31.96</b> cases per 100,000 people"
2021-10-20,30.5601590143316,"Oct 20, 2021<br><b>30.56</b> cases per 100,000 people"
2021-10-21,30.0254468607593,"Oct 21, 2021<br><b>30.03</b> cases per 100,000 people"
2021-10-22,28.9197708821862,"Oct 22, 2021<br><b>28.92</b> cases per 100,000 people"
2021-10-23,28.9197708821862,"Oct 23, 2021<br><b>28.92</b> cases per 100,000 people"
2021-10-24,28.9197708821862,"Oct 24, 2021<br><b>28.92</b> cases per 100,000 people"
2021-10-25,28.4484991536141,"Oct 25, 2021<br><b>28.45</b> cases per 100,000 people"
2021-10-26,30.0118524839736,"Oct 26, 2021<br><b>30.01</b> cases per 100,000 people"
2021-10-27,30.5193758839744,"Oct 27, 2021<br><b>30.52</b> cases per 100,000 people"
2021-10-28,30.2338939714739,"Oct 28, 2021<br><b>30.23</b> cases per 100,000 people"
2021-10-29,32.0419460839766,"Oct 29, 2021<br><b>32.04</b> cases per 100,000 people"
2021-10-30,32.0419460839766,"Oct 30, 2021<br><b>32.04</b> cases per 100,000 people"
2021-10-31,32.0419460839766,"Oct 31, 2021<br><b>32.04</b> cases per 100,000 people"
2021-11-01,33.8000819266899,"Nov 01, 2021<br><b>33.8</b> cases per 100,000 people"
2021-11-02,35.8754901159787,"Nov 02, 2021<br><b>35.88</b> cases per 100,000 people"
2021-11-03,38.1094993677677,"Nov 03, 2021<br><b>38.11</b> cases per 100,000 people"
2021-11-04,40.4975782231285,"Nov 04, 2021<br><b>40.5</b> cases per 100,000 people"
2021-11-05,40.2302221463424,"Nov 05, 2021<br><b>40.23</b> cases per 100,000 people"
2021-11-06,40.2302221463424,"Nov 06, 2021<br><b>40.23</b> cases per 100,000 people"
2021-11-07,40.2302221463424,"Nov 07, 2021<br><b>40.23</b> cases per 100,000 people"
2021-11-08,43.2844956857792,"Nov 08, 2021<br><b>43.28</b> cases per 100,000 people"
2021-11-09,44.4309547947095,"Nov 09, 2021<br><b>44.43</b> cases per 100,000 people"
2021-11-10,50.1768447161467,"Nov 10, 2021<br><b>50.18</b> cases per 100,000 people"
2021-11-11,54.1237454429383,"Nov 11, 2021<br><b>54.12</b> cases per 100,000 people"
2021-11-12,58.3470651643732,"Nov 12, 2021<br><b>58.35</b> cases per 100,000 people"
2021-11-13,58.3470651643732,"Nov 13, 2021<br><b>58.35</b> cases per 100,000 people"
2021-11-14,58.3470651643732,"Nov 14, 2021<br><b>58.35</b> cases per 100,000 people"
2021-11-15,60.6354519233052,"Nov 15, 2021<br><b>60.64</b> cases per 100,000 people"
2021-11-16,69.3766361965326,"Nov 16, 2021<br><b>69.38</b> cases per 100,000 people"
2021-11-17,65.7605319715272,"Nov 17, 2021<br><b>65.76</b> cases per 100,000 people"
2021-11-18,65.5611477786698,"Nov 18, 2021<br><b>65.56</b> cases per 100,000 people"
2021-11-19,66.2635239125994,"Nov 19, 2021<br><b>66.26</b> cases per 100,000 people"
2021-11-20,66.2635239125994,"Nov 20, 2021<br><b>66.26</b> cases per 100,000 people"
2021-11-21,66.2635239125994,"Nov 21, 2021<br><b>66.26</b> cases per 100,000 people"
2021-11-22,65.139722098312,"Nov 22, 2021<br><b>65.14</b> cases per 100,000 people"
2021-11-23,66.4311878929568,"Nov 23, 2021<br><b>66.43</b> cases per 100,000 people"
2021-11-24,67.8404716197446,"Nov 24, 2021<br><b>67.84</b> cases per 100,000 people"
2021-11-25,57.2459206447287,"Nov 25, 2021<br><b>57.25</b> cases per 100,000 people"
2021-11-26,55.1070720304398,"Nov 26, 2021<br><b>55.11</b> cases per 100,000 people"
2021-11-27,55.1070720304398,"Nov 27, 2021<br><b>55.11</b> cases per 100,000 people"
2021-11-28,55.1070720304398,"Nov 28, 2021<br><b>55.11</b> cases per 100,000 people"
2021-11-29,54.3775071429387,"Nov 29, 2021<br><b>54.38</b> cases per 100,000 people"
2021-11-30,59.1264761000887,"Nov 30, 2021<br><b>59.13</b> cases per 100,000 people"
2021-12-01,58.5056662268735,"Dec 01, 2021<br><b>58.51</b> cases per 100,000 people"
2021-12-02,71.6378342018932,"Dec 02, 2021<br><b>71.64</b> cases per 100,000 people"
2021-12-03,76.4321177483289,"Dec 03, 2021<br><b>76.43</b> cases per 100,000 people"
2021-12-04,76.4321177483289,"Dec 04, 2021<br><b>76.43</b> cases per 100,000 people"
2021-12-05,76.4321177483289,"Dec 05, 2021<br><b>76.43</b> cases per 100,000 people"
2021-12-06,80.9363879233357,"Dec 06, 2021<br><b>80.94</b> cases per 100,000 people"
2021-12-07,81.8562740858371,"Dec 07, 2021<br><b>81.86</b> cases per 100,000 people"
2021-12-08,80.5738712090494,"Dec 08, 2021<br><b>80.57</b> cases per 100,000 people"
2021-12-09,76.4547750429718,"Dec 09, 2021<br><b>76.45</b> cases per 100,000 people"
2021-12-10,73.9398153376109,"Dec 10, 2021<br><b>73.94</b> cases per 100,000 people"
2021-12-11,73.9398153376109,"Dec 11, 2021<br><b>73.94</b> cases per 100,000 people"
2021-12-12,73.9398153376109,"Dec 12, 2021<br><b>73.94</b> cases per 100,000 people"
2021-12-13,67.514206576887,"Dec 13, 2021<br><b>67.51</b> cases per 100,000 people"
2021-12-14,58.886308776874,"Dec 14, 2021<br><b>58.89</b> cases per 100,000 people"
2021-12-15,56.0224267340126,"Dec 15, 2021<br><b>56.02</b> cases per 100,000 people"
2021-12-16,56.4846355447276,"Dec 16, 2021<br><b>56.48</b> cases per 100,000 people"
2021-12-17,53.9379556268666,"Dec 17, 2021<br><b>53.94</b> cases per 100,000 people"
2021-12-18,53.9379556268666,"Dec 18, 2021<br><b>53.94</b> cases per 100,000 people"
2021-12-19,53.9379556268666,"Dec 19, 2021<br><b>53.94</b> cases per 100,000 people"
2021-12-20,54.2053117036527,"Dec 20, 2021<br><b>54.21</b> cases per 100,000 people"
2021-12-21,50.8656264732906,"Dec 21, 2021<br><b>50.87</b> cases per 100,000 people"
2021-12-22,54.2325004572242,"Dec 22, 2021<br><b>54.23</b> cases per 100,000 people"
2021-12-23,53.9560814625809,"Dec 23, 2021<br><b>53.96</b> cases per 100,000 people"
2021-12-24,45.2239601072107,"Dec 24, 2021<br><b>45.22</b> cases per 100,000 people"
2021-12-25,45.2239601072107,"Dec 25, 2021<br><b>45.22</b> cases per 100,000 people"
2021-12-26,45.2239601072107,"Dec 26, 2021<br><b>45.22</b> cases per 100,000 people"
2021-12-27,49.3022731429311,"Dec 27, 2021<br><b>49.3</b> cases per 100,000 people"
2021-12-28,58.3198764108018,"Dec 28, 2021<br><b>58.32</b> cases per 100,000 people"
2021-12-29,68.1712681215308,"Dec 29, 2021<br><b>68.17</b> cases per 100,000 people"
2021-12-30,81.2037440001218,"Dec 30, 2021<br><b>81.2</b> cases per 100,000 people"
2021-12-31,81.2037440001218,"Dec 31, 2021<br><b>81.2</b> cases per 100,000 people"
2022-01-01,81.2037440001218,"Jan 01, 2022<br><b>81.2</b> cases per 100,000 people"
2022-01-02,81.2037440001218,"Jan 02, 2022<br><b>81.2</b> cases per 100,000 people"
2022-01-03,93.1939843251398,"Jan 03, 2022<br><b>93.19</b> cases per 100,000 people"
2022-01-04,121.642483478754,"Jan 04, 2022<br><b>121.64</b> cases per 100,000 people"
2022-01-05,116.404116957317,"Jan 05, 2022<br><b>116.4</b> cases per 100,000 people"
2022-01-06,115.905656475174,"Jan 06, 2022<br><b>115.91</b> cases per 100,000 people"
2022-01-07,137.226170734134,"Jan 07, 2022<br><b>137.23</b> cases per 100,000 people"
2022-01-08,137.226170734134,"Jan 08, 2022<br><b>137.23</b> cases per 100,000 people"
