Well,Sample,Target,Conc(copies/µl of input sample),TotalConfMax,TotalConfMin,PoissonConfMax,PoissonConfMin,Accepted Droplets,Positives,Negatives,Ch1+Ch2+,Ch1+Ch2-,Ch1-Ch2+,Ch1-Ch2-,Linkage,CNV,TotalCNVMax,TotalCNVMin,PoissonCNVMax,PoissonCNVMin,ReferenceCopies,UnknownCopies,Threshold1,Threshold2,Threshold3,ReferenceUsed,Ratio,TotalRatioMax,TotalRatioMin,PoissonRatioMax,PoissonRatioMin,Fractional Abundance,TotalFractionalAbundanceMax,TotalFractionalAbundanceMin,PoissonFractionalAbundanceMax,PoissonFractionalAbundanceMin,MeanAmplitudeOfPositives,MeanAmplitudeOfNegatives,MeanAmplitudeTotal,ExperimentComments,MergedWells,TotalConfidenceMax68,TotalConfidenceMin68,PoissonConfidenceMax68,PoissonConfidenceMin68,TotalCNVMax68,TotalCNVMin68,PoissonCNVMax68,PoissonCNVMin68,TotalRatioMax68,TotalRatioMin68,PoissonRatioMax68,PoissonRatioMin68,TotalFractionalAbundanceMax68,TotalFractionalAbundanceMin68,PoissonFractionalAbundanceMax68,PoissonFractionalAbundanceMin68
A01,632,21765-21770 Del (FAM),2.80,5.08,1.34,1.27,0.33,15105,9,15096,0.00,9.00,6.00,"15,090.00",0.00,,,,,,,,"3,807.90",,,21765-21770 Del (HEX),1.50,,,3.09,0.00,60.00,,,85.50,34.51,"3,995.59","3,356.24","3,356.62",,,,,0.96,0.49,,,,,,,2.30,0.70,,,72.79,47.22
A01,632,21765-21770 Del (HEX),1.87,3.82,0.73,0.96,0.18,15105,6,15099,0.00,9.00,6.00,"15,090.00",0.00,,,,,,,,"4,064.00",,,,,,,,,,,,,,"5,549.47","2,673.61","2,674.76",,,,,0.69,0.30,,,,,,,,,,,,
B01,643,21765-21770 Del (FAM),2.54,4.76,1.15,1.19,0.29,14814,8,14806,0.00,8.00,4.00,"14,802.00",0.00,,,,,,,,"3,807.90",,,21765-21770 Del (HEX),2.00,,,4.50,0.00,66.67,,,94.44,38.90,"4,069.34","3,404.57","3,404.93",,,,,0.89,0.44,,,,,,,3.25,0.75,,,80.53,52.81
B01,643,21765-21770 Del (HEX),1.27,3.00,0.38,0.75,0.10,14814,4,14810,0.00,8.00,4.00,"14,802.00",0.00,,,,,,,,"4,064.00",,,,,,,,,,,,,,"5,598.87","2,725.32","2,726.09",,,,,0.51,0.18,,,,,,,,,,,,
C01,653,21765-21770 Del (FAM),4.22,7.11,2.25,1.78,0.56,13381,12,13369,0.00,12.00,6.00,"13,363.00",0.00,,,,,,,,"3,807.90",,,21765-21770 Del (HEX),2.00,,,4.01,0.00,66.67,,,89.05,44.30,"4,335.07","3,299.08","3,300.01",,,,,1.39,0.78,,,,,,,3.01,0.99,,,77.90,55.45
C01,653,21765-21770 Del (HEX),2.11,4.32,0.83,1.08,0.21,13381,6,13375,0.00,12.00,6.00,"13,363.00",0.00,,,,,,,,"4,064.00",,,,,,,,,,,,,,"5,424.35","2,685.91","2,687.14",,,,,0.78,0.34,,,,,,,,,,,,
D01,661,21765-21770 Del (FAM),5.85,9.22,3.42,2.30,0.85,12888,16,12872,1.00,15.00,9.00,"12,863.00",0.09,,,,,,,,"3,807.90",,,21765-21770 Del (HEX),1.60,,,2.89,0.31,61.54,,,80.56,42.52,"4,085.09","3,264.64","3,265.66",,,,,1.86,1.13,,,,,,,2.25,0.95,,,71.13,51.96
D01,661,21765-21770 Del (HEX),3.65,6.44,1.82,1.61,0.45,12888,10,12878,1.00,15.00,9.00,"12,863.00",0.09,,,,,,,,"4,064.00",,,,,,,,,,,,,,"5,488.47","2,678.38","2,680.56",,,,,1.23,0.65,,,,,,,,,,,,
E01,672,21765-21770 Del (FAM),4.01,6.75,2.14,1.69,0.53,14084,12,14072,0.00,12.00,8.00,"14,064.00",0.00,,,,,,,,"3,807.90",,,21765-21770 Del (HEX),1.50,,,2.87,0.13,60.00,,,81.93,38.07,"4,002.41","3,188.39","3,189.09",,,,,1.32,0.74,,,,,,,2.19,0.81,,,71.03,48.97
E01,672,21765-21770 Del (HEX),2.67,5.01,1.21,1.25,0.30,14084,8,14076,0.00,12.00,8.00,"14,064.00",0.00,,,,,,,,"4,064.00",,,,,,,,,,,,,,"5,422.11","2,622.32","2,623.91",,,,,0.94,0.46,,,,,,,,,,,,
F01,684,21765-21770 Del (FAM),4.68,7.73,2.56,1.93,0.64,13074,13,13061,0.00,13.00,5.00,"13,056.00",0.00,,,,,,,,"3,807.90",,,21765-21770 Del (HEX),2.60,,,5.37,0.00,72.23,,,93.59,50.86,"4,000.60","3,279.51","3,280.23",,,,,1.53,0.87,,,,,,,3.99,1.21,,,82.93,61.53
F01,684,21765-21770 Del (HEX),1.80,3.91,0.63,0.98,0.16,13074,5,13069,0.00,13.00,5.00,"13,056.00",0.00,,,,,,,,"4,064.00",,,,,,,,,,,,,,"5,391.43","2,687.44","2,688.47",,,,,0.69,0.28,,,,,,,,,,,,
G01,693,21765-21770 Del (FAM),3.37,6.11,1.61,1.53,0.40,12557,9,12548,0.00,9.00,2.00,"12,546.00",0.00,,,,,,,,"3,807.90",,,21765-21770 Del (HEX),4.50,,,12.00,0.00,81.82,,,106.60,57.05,"3,957.87","3,207.01","3,207.55",,,,,1.16,0.59,,,,,,,8.18,0.83,,,93.97,69.68
G01,693,21765-21770 Del (HEX),0.75,2.40,0.11,0.60,0.03,12557,2,12555,0.00,9.00,2.00,"12,546.00",0.00,,,,,,,,"4,064.00",,,,,,,,,,,,,,"5,513.09","2,637.55","2,638.01",,,,,0.36,0.08,,,,,,,,,,,,
H01,103,21765-21770 Del (FAM),8.17,12.32,5.08,3.08,1.27,11531,20,11511,0.00,20.00,8.00,"11,503.00",0.00,,,,,,,,"3,807.90",,,21765-21770 Del (HEX),2.50,,,4.59,0.41,71.44,,,88.52,54.36,"4,010.53","3,435.89","3,436.89",,,,,2.53,1.62,,,,,,,3.55,1.45,,,80.03,62.85
H01,103,21765-21770 Del (HEX),3.27,6.12,1.48,1.53,0.37,11531,8,11523,0.00,20.00,8.00,"11,503.00",0.00,,,,,,,,"4,064.00",,,,,,,,,,,,,,"5,429.07","2,774.10","2,775.94",,,,,1.14,0.56,,,,,,,,,,,,
A02,NTC,21765-21770 Del (FAM),0.86,2.28,0.20,0.57,0.05,16425,3,16422,0.00,3.00,0.00,"16,422.00",0.00,,,,,,,,"3,807.90",,,21765-21770 Del (HEX),,,,,,100.00,,,149.93,50.07,"5,015.75","3,140.55","3,140.89",,,,,0.37,0.11,,,,,,,,,,,122.82,77.18
A02,NTC,21765-21770 Del (HEX),0.00,0.86,0.00,0.21,0.00,16425,0,16425,0.00,3.00,0.00,"16,422.00",0.00,,,,,,,,"4,064.00",,,,,,,,,,,,,,0.00,"2,561.32","2,561.32",,,,,0.10,0.00,,,,,,,,,,,,
B02,113,21765-21770 Del (FAM),7.34,10.63,4.82,2.66,1.20,16033,25,16008,0.00,25.00,7.00,"16,001.00",0.00,,,,,,,,"3,807.90",,,21765-21770 Del (HEX),3.57,,,6.64,0.51,78.13,,,92.79,63.48,"4,091.81","3,434.58","3,435.61",,,,,2.23,1.49,,,,,,,5.11,2.03,,,85.50,70.77
B02,113,21765-21770 Del (HEX),2.06,4.00,0.87,1.00,0.22,16033,7,16026,0.00,25.00,7.00,"16,001.00",0.00,,,,,,,,"4,064.00",,,,,,,,,,,,,,"5,681.60","2,766.31","2,767.58",,,,,0.73,0.34,,,,,,,,,,,,
C02,114,21765-21770 Del (FAM),1.18,2.77,0.35,0.69,0.09,16011,4,16007,0.00,4.00,1.00,"16,006.00",0.00,,,,,,,,"3,807.90",,,21765-21770 Del (HEX),4.00,,,14.33,0.00,80.00,,,121.29,38.71,"4,038.52","3,332.40","3,332.58",,,,,0.47,0.17,,,,,,,8.89,0.00,,,99.54,60.46
C02,114,21765-21770 Del (HEX),0.29,1.40,0.01,0.35,0.00,16011,1,16010,0.00,4.00,1.00,"16,006.00",0.00,,,,,,,,"4,064.00",,,,,,,,,,,,,,"5,534.02","2,723.12","2,723.30",,,,,0.18,0.02,,,,,,,,,,,,
D02,123,21765-21770 Del (FAM),0.62,1.98,0.09,0.49,0.02,15234,2,15232,0.00,2.00,2.00,"15,230.00",0.00,,,,,,,,"3,807.90",,,21765-21770 Del (HEX),1.00,,,3.16,0.00,50.00,,,103.95,0.00,"4,020.63","3,334.03","3,334.12",,,,,0.30,0.07,,,,,,,2.05,0.00,,,76.32,23.68
D02,123,21765-21770 Del (HEX),0.62,1.98,0.09,0.49,0.02,15234,2,15232,0.00,2.00,2.00,"15,230.00",0.00,,,,,,,,"4,064.00",,,,,,,,,,,,,,"5,643.02","2,729.08","2,729.46",,,,,0.30,0.07,,,,,,,,,,,,
E02,133,21765-21770 Del (FAM),1.43,3.37,0.43,0.84,0.11,13192,4,13188,0.00,4.00,7.00,"13,181.00",0.00,,,,,,,,"3,807.90",,,21765-21770 Del (HEX),0.57,,,1.30,0.00,36.36,,,65.97,6.75,"4,002.41","3,285.39","3,285.61",,,,,0.57,0.20,,,,,,,0.94,0.21,,,51.14,21.58
E02,133,21765-21770 Del (HEX),2.50,4.87,1.06,1.22,0.27,13192,7,13185,0.00,4.00,7.00,"13,181.00",0.00,,,,,,,,"4,064.00",,,,,,,,,,,,,,"5,539.02","2,695.66","2,697.17",,,,,0.89,0.42,,,,,,,,,,,,
F02,143,21765-21770 Del (FAM),4.60,7.60,2.52,1.90,0.63,13295,13,13282,0.00,13.00,14.00,"13,268.00",0.00,,,,,,,,"3,807.90",,,21765-21770 Del (HEX),0.93,,,1.64,0.22,48.15,,,67.28,29.02,"4,061.49","3,306.84","3,307.57",,,,,1.50,0.86,,,,,,,1.29,0.57,,,57.80,38.50
F02,143,21765-21770 Del (HEX),4.96,8.05,2.78,2.01,0.70,13295,14,13281,0.00,13.00,14.00,"13,268.00",0.00,,,,,,,,"4,064.00",,,,,,,,,,,,,,"5,539.59","2,711.31","2,714.29",,,,,1.60,0.94,,,,,,,,,,,,
G02,153,21765-21770 Del (FAM),4.54,7.64,2.42,1.91,0.60,12440,12,12428,0.00,12.00,4.00,"12,424.00",0.00,,,,,,,,"3,807.90",,,21765-21770 Del (HEX),3.00,,,6.54,0.00,75.01,,,97.09,52.92,"4,152.23","3,315.80","3,316.61",,,,,1.50,0.84,,,,,,,4.77,1.24,,,86.03,63.98
G02,153,21765-21770 Del (HEX),1.51,3.57,0.46,0.89,0.11,12440,4,12436,0.00,12.00,4.00,"12,424.00",0.00,,,,,,,,"4,064.00",,,,,,,,,,,,,,"5,463.83","2,708.03","2,708.92",,,,,0.60,0.22,,,,,,,,,,,,
H02,Positive Control (4/29),21765-21770 Del (FAM),0.43,2.08,0.02,0.52,0.00,10833,1,10832,0.00,1.00,18.00,"10,814.00",0.00,,,,,,,,"3,807.90",,,21765-21770 Del (HEX),0.06,,,0.19,0.00,5.26,,,17.28,0.00,"4,071.02","3,169.39","3,169.47",,,,,0.27,0.03,,,,,,,0.12,0.00,,,10.91,0.00
H02,Positive Control (4/29),21765-21770 Del (HEX),7.83,12.05,4.73,3.01,1.18,10833,18,10815,0.00,1.00,18.00,"10,814.00",0.00,,,,,,,,"4,064.00",,,,,,,,,,,,,,"5,429.33","2,674.44","2,679.02",,,,,2.45,1.53,,,,,,,,,,,,
A03,632,A23063T (FAM),3.50,5.78,1.92,1.44,0.48,17490,13,17477,0.00,13.00,4.00,"17,473.00",0.00,,,,,,,,"6,328.30",,,A23063T (HEX),3.25,,,7.04,0.00,76.48,,,97.47,55.48,"9,318.39","3,267.57","3,272.06",,,,,1.14,0.65,,,,,,,5.14,1.36,,,86.95,66.00
A03,632,A23063T (HEX),1.08,2.54,0.32,0.63,0.08,17490,4,17486,0.00,13.00,4.00,"17,473.00",0.00,,,,,,,,"4,076.76",,,,,,,,,,,,,,"5,241.29","2,192.64","2,193.34",,,,,0.43,0.15,,,,,,,,,,,,
B03,643,A23063T (FAM),2.60,4.70,1.24,1.18,0.31,16319,9,16310,0.00,9.00,6.00,"16,304.00",0.00,,,,,,,,"6,328.30",,,A23063T (HEX),1.50,,,3.09,0.00,60.00,,,85.50,34.51,"9,122.31","3,411.07","3,414.22",,,,,0.89,0.46,,,,,,,2.30,0.70,,,72.79,47.22
B03,643,A23063T (HEX),1.73,3.54,0.68,0.88,0.17,16319,6,16313,0.00,9.00,6.00,"16,304.00",0.00,,,,,,,,"4,076.76",,,,,,,,,,,,,,"5,617.50","2,294.21","2,295.43",,,,,0.64,0.28,,,,,,,,,,,,
C03,653,A23063T (FAM),3.80,6.16,2.13,1.54,0.53,17362,14,17348,0.00,14.00,3.00,"17,345.00",0.00,,,,,,,,"6,328.30",,,A23063T (HEX),4.67,,,10.82,0.00,82.36,,,101.51,63.20,"9,462.65","3,330.40","3,335.34",,,,,1.23,0.72,,,,,,,7.72,1.62,,,91.86,72.86
C03,653,A23063T (HEX),0.81,2.16,0.19,0.54,0.05,17362,3,17359,0.00,14.00,3.00,"17,345.00",0.00,,,,,,,,"4,076.76",,,,,,,,,,,,,,"5,427.32","2,271.49","2,272.03",,,,,0.35,0.11,,,,,,,,,,,,
D03,661,A23063T (FAM),3.50,5.77,1.91,1.44,0.48,17508,13,17495,0.00,13.00,5.00,"17,490.00",0.00,,,,,,,,"6,328.30",,,A23063T (HEX),2.60,,,5.37,0.00,72.23,,,93.59,50.86,"9,377.89","3,279.49","3,284.01",,,,,1.14,0.65,,,,,,,3.99,1.21,,,82.93,61.53
D03,661,A23063T (HEX),1.34,2.92,0.47,0.73,0.12,17508,5,17503,0.00,13.00,5.00,"17,490.00",0.00,,,,,,,,"4,076.76",,,,,,,,,,,,,,"5,408.31","2,255.20","2,256.10",,,,,0.51,0.21,,,,,,,,,,,,
E03,672,A23063T (FAM),0.00,1.70,0.00,0.43,0.00,8293,0,8293,0.00,0.00,0.00,"8,293.00",0.00,,,,,,,,"6,328.30",,,A23063T (HEX),,,,,,,,,,,0.00,"4,423.92","4,423.92",,,,,0.19,0.00,,,,,,,,,,,,
E03,672,A23063T (HEX),0.00,1.70,0.00,0.43,0.00,8293,0,8293,0.00,0.00,0.00,"8,293.00",0.00,,,,,,,,"4,076.76",,,,,,,,,,,,,,0.00,"3,064.27","3,064.27",,,,,0.19,0.00,,,,,,,,,,,,
F03,684,A23063T (FAM),3.49,6.00,1.80,1.50,0.45,14845,11,14834,0.00,11.00,7.00,"14,827.00",0.00,,,,,,,,"6,328.30",,,A23063T (HEX),1.57,,,3.10,0.05,61.11,,,84.18,38.05,"8,783.32","3,375.03","3,379.03",,,,,1.16,0.63,,,,,,,2.34,0.81,,,72.71,49.52
F03,684,A23063T (HEX),2.22,4.32,0.94,1.08,0.24,14845,7,14838,0.00,11.00,7.00,"14,827.00",0.00,,,,,,,,"4,076.76",,,,,,,,,,,,,,"5,487.34","2,312.84","2,314.34",,,,,0.79,0.37,,,,,,,,,,,,
G03,693,A23063T (FAM),3.08,5.42,1.53,1.35,0.38,15307,10,15297,0.00,10.00,1.00,"15,296.00",0.00,,,,,,,,"6,328.30",,,A23063T (HEX),10.00,,,34.51,0.00,90.91,,,111.16,70.67,"8,997.05","3,280.93","3,284.67",,,,,1.04,0.55,,,,,,,21.54,0.00,,,100.44,81.38
G03,693,A23063T (HEX),0.31,1.47,0.01,0.37,0.00,15307,1,15306,0.00,10.00,1.00,"15,296.00",0.00,,,,,,,,"4,076.76",,,,,,,,,,,,,,"5,055.96","2,256.62","2,256.81",,,,,0.19,0.02,,,,,,,,,,,,
H03,103,A23063T (FAM),2.60,5.06,1.10,1.26,0.28,12694,7,12687,0.00,7.00,5.00,"12,682.00",0.00,,,,,,,,"6,328.30",,,A23063T (HEX),1.40,,,3.06,0.00,58.34,,,87.19,29.48,"9,103.12","3,453.50","3,456.62",,,,,0.93,0.43,,,,,,,2.23,0.57,,,72.78,43.89
H03,103,A23063T (HEX),1.85,4.03,0.65,1.01,0.16,12694,5,12689,0.00,7.00,5.00,"12,682.00",0.00,,,,,,,,"4,076.76",,,,,,,,,,,,,,"5,092.63","2,315.77","2,316.86",,,,,0.71,0.28,,,,,,,,,,,,
A04,NTC,A23063T (FAM),0.00,0.76,0.00,0.19,0.00,18564,0,18564,0.00,0.00,0.00,"18,564.00",0.00,,,,,,,,"6,328.30",,,A23063T (HEX),,,,,,,,,,,0.00,"2,992.34","2,992.34",,,,,0.09,0.00,,,,,,,,,,,,
A04,NTC,A23063T (HEX),0.00,0.76,0.00,0.19,0.00,18564,0,18564,0.00,0.00,0.00,"18,564.00",0.00,,,,,,,,"4,076.76",,,,,,,,,,,,,,0.00,"2,071.64","2,071.64",,,,,0.09,0.00,,,,,,,,,,,,
B04,113,A23063T (FAM),1.58,3.23,0.62,0.81,0.15,17876,6,17870,0.00,6.00,8.00,"17,862.00",0.00,,,,,,,,"6,328.30",,,A23063T (HEX),0.75,,,1.57,0.00,42.86,,,69.54,16.17,"9,627.34","3,267.67","3,269.80",,,,,0.58,0.25,,,,,,,1.16,0.34,,,56.23,29.48
B04,113,A23063T (HEX),2.11,3.94,0.95,0.99,0.24,17876,8,17868,0.00,6.00,8.00,"17,862.00",0.00,,,,,,,,"4,076.76",,,,,,,,,,,,,,"5,106.96","2,214.08","2,215.38",,,,,0.74,0.36,,,,,,,,,,,,
C04,114,A23063T (FAM),2.12,4.14,0.90,1.03,0.23,15514,7,15507,0.00,7.00,5.00,"15,502.00",0.00,,,,,,,,"6,328.30",,,A23063T (HEX),1.40,,,3.06,0.00,58.33,,,87.19,29.48,"8,934.66","3,194.89","3,197.48",,,,,0.76,0.35,,,,,,,2.23,0.57,,,72.78,43.89
C04,114,A23063T (HEX),1.52,3.30,0.53,0.82,0.13,15514,5,15509,0.00,7.00,5.00,"15,502.00",0.00,,,,,,,,"4,076.76",,,,,,,,,,,,,,"5,114.24","2,187.38","2,188.33",,,,,0.58,0.23,,,,,,,,,,,,
D04,123,A23063T (FAM),1.71,3.50,0.67,0.88,0.17,16491,6,16485,0.00,6.00,4.00,"16,481.00",0.00,,,,,,,,"6,328.30",,,A23063T (HEX),1.50,,,3.48,0.00,60.00,,,91.66,28.34,"9,221.45","3,290.47","3,292.63",,,,,0.63,0.28,,,,,,,2.49,0.51,,,75.79,44.21
D04,123,A23063T (HEX),1.14,2.69,0.34,0.67,0.09,16491,4,16487,0.00,6.00,4.00,"16,481.00",0.00,,,,,,,,"4,076.76",,,,,,,,,,,,,,"5,114.59","2,261.33","2,262.02",,,,,0.46,0.16,,,,,,,,,,,,
E04,133,A23063T (FAM),2.42,4.53,1.09,1.13,0.27,15581,8,15573,0.00,8.00,8.00,"15,565.00",0.00,,,,,,,,"6,328.30",,,A23063T (HEX),1.00,,,2.00,0.00,50.00,,,75.10,24.90,"8,488.93","3,192.13","3,194.85",,,,,0.85,0.41,,,,,,,1.50,0.50,,,62.61,37.39
E04,133,A23063T (HEX),2.42,4.53,1.09,1.13,0.27,15581,8,15573,0.00,8.00,8.00,"15,565.00",0.00,,,,,,,,"4,076.76",,,,,,,,,,,,,,"5,102.07","2,204.54","2,206.03",,,,,0.85,0.41,,,,,,,,,,,,
F04,143,A23063T (FAM),4.18,7.04,2.23,1.76,0.56,13504,12,13492,0.00,12.00,5.00,"13,487.00",0.00,,,,,,,,"6,328.30",,,A23063T (HEX),2.40,,,4.99,0.00,70.59,,,92.96,48.23,"8,575.49","3,197.70","3,202.48",,,,,1.38,0.77,,,,,,,3.70,1.11,,,81.79,59.39
F04,143,A23063T (HEX),1.74,3.79,0.61,0.95,0.15,13504,5,13499,0.00,12.00,5.00,"13,487.00",0.00,,,,,,,,"4,076.76",,,,,,,,,,,,,,"5,268.40","2,199.80","2,200.93",,,,,0.66,0.27,,,,,,,,,,,,
G04,153,A23063T (FAM),3.94,6.63,2.10,1.66,0.52,14349,12,14337,0.00,12.00,5.00,"14,332.00",0.00,,,,,,,,"6,328.30",,,A23063T (HEX),2.40,,,4.99,0.00,70.59,,,92.96,48.23,"8,822.23","3,220.64","3,225.33",,,,,1.30,0.73,,,,,,,3.70,1.11,,,81.79,59.39
G04,153,A23063T (HEX),1.64,3.56,0.58,0.89,0.14,14349,5,14344,0.00,12.00,5.00,"14,332.00",0.00,,,,,,,,"4,076.76",,,,,,,,,,,,,,"5,185.99","2,228.49","2,229.52",,,,,0.62,0.25,,,,,,,,,,,,
H04,Positive Control (4/29),A23063T (FAM),0.00,1.25,0.00,0.31,0.00,11276,0,11276,0.00,0.00,2.00,"11,274.00",0.00,,,,,,,,"6,328.30",,,A23063T (HEX),,,,,,,,,,,0.00,"3,094.23","3,094.23",,,,,0.14,0.00,,,,,,,,,,,,
H04,Positive Control (4/29),A23063T (HEX),0.83,2.67,0.13,0.67,0.03,11276,2,11274,0.00,0.00,2.00,"11,274.00",0.00,,,,,,,,"4,076.76",,,,,,,,,,,,,,"5,494.73","2,213.61","2,214.19",,,,,0.40,0.09,,,,,,,,,,,,
A05,632,21801A>C (FAM),0.00,0.89,0.00,0.22,0.00,15914,0,15914,0.00,0.00,5.00,"15,909.00",0.00,,,,,,,,"7,083.02",,,21801A>C (HEX),,,,,,,,,,,0.00,"3,008.32","3,008.32",,,,,0.10,0.00,,,,,,,,,,,,
A05,632,21801A>C (HEX),1.48,3.21,0.52,0.80,0.13,15914,5,15909,0.00,0.00,5.00,"15,909.00",0.00,,,,,,,,"3,771.32",,,,,,,,,,,,,,"6,113.68","2,139.16","2,140.41",,,,,0.56,0.23,,,,,,,,,,,,
B05,643,21801A>C (FAM),0.00,0.86,0.00,0.22,0.00,16385,0,16385,0.00,0.00,7.00,"16,378.00",0.00,,,,,,,,"7,083.02",,,21801A>C (HEX),,,,,,,,,,,0.00,"3,094.65","3,094.65",,,,,0.10,0.00,,,,,,,,,,,,
B05,643,21801A>C (HEX),2.01,3.92,0.85,0.98,0.21,16385,7,16378,0.00,0.00,7.00,"16,378.00",0.00,,,,,,,,"3,771.32",,,,,,,,,,,,,,"6,347.44","2,216.33","2,218.09",,,,,0.72,0.33,,,,,,,,,,,,
C05,653,21801A>C (FAM),0.00,0.80,0.00,0.20,0.00,17685,0,17685,0.00,0.00,12.00,"17,673.00",0.00,,,,,,,,"7,083.02",,,21801A>C (HEX),,,,,,,,,,,0.00,"3,004.04","3,004.04",,,,,0.09,0.00,,,,,,,,,,,,
C05,653,21801A>C (HEX),3.19,5.38,1.70,1.34,0.43,17685,12,17673,0.00,0.00,12.00,"17,673.00",0.00,,,,,,,,"3,771.32",,,,,,,,,,,,,,"5,795.14","2,196.62","2,199.07",,,,,1.05,0.59,,,,,,,,,,,,
D05,661,21801A>C (FAM),0.00,0.94,0.00,0.23,0.00,15060,0,15060,0.00,0.00,7.00,"15,053.00",0.00,,,,,,,,"7,083.02",,,21801A>C (HEX),,,,,,,,,,,0.00,"2,939.07","2,939.07",,,,,0.11,0.00,,,,,,,,,,,,
D05,661,21801A>C (HEX),2.19,4.26,0.93,1.07,0.23,15060,7,15053,0.00,0.00,7.00,"15,053.00",0.00,,,,,,,,"3,771.32",,,,,,,,,,,,,,"6,384.43","2,175.63","2,177.59",,,,,0.78,0.36,,,,,,,,,,,,
E05,672,21801A>C (FAM),0.00,1.47,0.00,0.37,0.00,9569,0,9569,0.00,0.00,0.00,"9,569.00",0.00,,,,,,,,"7,083.02",,,21801A>C (HEX),,,,,,,,,,,0.00,"4,055.09","4,055.09",,,,,0.17,0.00,,,,,,,,,,,,
E05,672,21801A>C (HEX),0.00,1.47,0.00,0.37,0.00,9569,0,9569,0.00,0.00,0.00,"9,569.00",0.00,,,,,,,,"3,771.32",,,,,,,,,,,,,,0.00,"3,005.42","3,005.42",,,,,0.17,0.00,,,,,,,,,,,,
F05,684,21801A>C (FAM),0.00,0.95,0.00,0.24,0.00,14866,0,14866,0.00,0.00,4.00,"14,862.00",0.00,,,,,,,,"7,083.02",,,21801A>C (HEX),,,,,,,,,,,0.00,"2,971.34","2,971.34",,,,,0.11,0.00,,,,,,,,,,,,
F05,684,21801A>C (HEX),1.27,2.99,0.38,0.75,0.10,14866,4,14862,0.00,0.00,4.00,"14,862.00",0.00,,,,,,,,"3,771.32",,,,,,,,,,,,,,"5,485.87","2,201.16","2,202.04",,,,,0.51,0.18,,,,,,,,,,,,
G05,693,21801A>C (FAM),0.00,1.45,0.00,0.36,0.00,9718,0,9718,0.00,0.00,5.00,"9,713.00",0.00,,,,,,,,"7,083.02",,,21801A>C (HEX),,,,,,,,,,,0.00,"2,497.71","2,497.71",,,,,0.17,0.00,,,,,,,,,,,,
G05,693,21801A>C (HEX),2.42,5.26,0.85,1.32,0.21,9718,5,9713,0.00,0.00,5.00,"9,713.00",0.00,,,,,,,,"3,771.32",,,,,,,,,,,,,,"5,365.87","1,869.64","1,871.44",,,,,0.92,0.37,,,,,,,,,,,,
H05,103,21801A>C (FAM),0.00,0.99,0.00,0.25,0.00,14278,0,14278,0.00,0.00,6.00,"14,272.00",0.00,,,,,,,,"7,083.02",,,21801A>C (HEX),,,,,,,,,,,0.00,"2,979.79","2,979.79",,,,,0.11,0.00,,,,,,,,,,,,
H05,103,21801A>C (HEX),1.98,4.04,0.77,1.01,0.19,14278,6,14272,0.00,0.00,6.00,"14,272.00",0.00,,,,,,,,"3,771.32",,,,,,,,,,,,,,"6,000.44","2,165.04","2,166.65",,,,,0.73,0.32,,,,,,,,,,,,
A06,NTC,21801A>C (FAM),0.00,0.79,0.00,0.20,0.00,17876,0,17876,0.00,0.00,0.00,"17,876.00",0.00,,,,,,,,"7,083.02",,,21801A>C (HEX),,,,,,,,,,,0.00,"2,876.83","2,876.83",,,,,0.09,0.00,,,,,,,,,,,,
A06,NTC,21801A>C (HEX),0.00,0.79,0.00,0.20,0.00,17876,0,17876,0.00,0.00,0.00,"17,876.00",0.00,,,,,,,,"3,771.32",,,,,,,,,,,,,,0.00,"2,092.23","2,092.23",,,,,0.09,0.00,,,,,,,,,,,,
B06,113,21801A>C (FAM),0.29,1.37,0.01,0.34,0.00,16428,1,16427,1.00,0.00,3.00,"16,424.00",0.07,,,,,,,,"7,083.02",,,21801A>C (HEX),0.25,,,0.90,0.00,20.00,,,61.29,0.00,"7,723.37","2,934.37","2,934.67",,,,,0.18,0.02,,,,,,,0.56,0.00,,,39.54,0.46
B06,113,21801A>C (HEX),1.15,2.70,0.35,0.68,0.09,16428,4,16424,1.00,0.00,3.00,"16,424.00",0.07,,,,,,,,"3,771.32",,,,,,,,,,,,,,"5,790.83","2,115.23","2,116.13",,,,,0.46,0.16,,,,,,,,,,,,
C06,114,21801A>C (FAM),0.00,0.80,0.00,0.20,0.00,17537,0,17537,0.00,0.00,11.00,"17,526.00",0.00,,,,,,,,"7,083.02",,,21801A>C (HEX),,,,,,,,,,,0.00,"2,917.17","2,917.17",,,,,0.09,0.00,,,,,,,,,,,,
C06,114,21801A>C (HEX),2.95,5.08,1.52,1.27,0.38,17537,11,17526,0.00,0.00,11.00,"17,526.00",0.00,,,,,,,,"3,771.32",,,,,,,,,,,,,,"6,272.46","2,142.44","2,145.03",,,,,0.98,0.54,,,,,,,,,,,,
D06,123,21801A>C (FAM),0.00,0.81,0.00,0.20,0.00,17494,0,17494,0.00,0.00,8.00,"17,486.00",0.00,,,,,,,,"7,083.02",,,21801A>C (HEX),,,,,,,,,,,0.00,"2,918.51","2,918.51",,,,,0.09,0.00,,,,,,,,,,,,
D06,123,21801A>C (HEX),2.15,4.03,0.97,1.01,0.24,17494,8,17486,0.00,0.00,8.00,"17,486.00",0.00,,,,,,,,"3,771.32",,,,,,,,,,,,,,"6,166.72","2,149.18","2,151.01",,,,,0.75,0.37,,,,,,,,,,,,
E06,133,21801A>C (FAM),0.00,0.86,0.00,0.22,0.00,16387,0,16387,0.00,0.00,8.00,"16,379.00",0.00,,,,,,,,"7,083.02",,,21801A>C (HEX),,,,,,,,,,,0.00,"3,020.22","3,020.22",,,,,0.10,0.00,,,,,,,,,,,,
E06,133,21801A>C (HEX),2.30,4.30,1.04,1.08,0.26,16387,8,16379,0.00,0.00,8.00,"16,379.00",0.00,,,,,,,,"3,771.32",,,,,,,,,,,,,,"6,030.08","2,234.97","2,236.82",,,,,0.80,0.39,,,,,,,,,,,,
F06,143,21801A>C (FAM),0.00,0.91,0.00,0.23,0.00,15437,0,15437,0.00,0.00,15.00,"15,422.00",0.00,,,,,,,,"7,083.02",,,21801A>C (HEX),,,,,,,,,,,0.00,"2,916.97","2,916.97",,,,,0.10,0.00,,,,,,,,,,,,
F06,143,21801A>C (HEX),4.57,7.32,2.62,1.83,0.66,15437,15,15422,0.00,0.00,15.00,"15,422.00",0.00,,,,,,,,"3,771.32",,,,,,,,,,,,,,"6,069.41","2,155.64","2,159.44",,,,,1.47,0.87,,,,,,,,,,,,
G06,153,21801A>C (FAM),0.00,1.05,0.00,0.26,0.00,13402,0,13402,0.00,0.00,6.00,"13,396.00",0.00,,,,,,,,"7,083.02",,,21801A>C (HEX),,,,,,,,,,,0.00,"2,865.30","2,865.30",,,,,0.12,0.00,,,,,,,,,,,,
G06,153,21801A>C (HEX),2.11,4.31,0.83,1.08,0.21,13402,6,13396,0.00,0.00,6.00,"13,396.00",0.00,,,,,,,,"3,771.32",,,,,,,,,,,,,,"5,573.55","2,124.89","2,126.43",,,,,0.77,0.34,,,,,,,,,,,,
H06,Positive Control (4/29),21801A>C (FAM),0.00,1.27,0.00,0.32,0.00,11064,0,11064,0.00,0.00,26.00,"11,038.00",0.00,,,,,,,,"7,083.02",,,21801A>C (HEX),,,,,,,,,,,0.00,"2,746.29","2,746.29",,,,,0.15,0.00,,,,,,,,,,,,
H06,Positive Control (4/29),21801A>C (HEX),11.07,15.92,7.33,3.98,1.83,11064,26,11038,0.00,0.00,26.00,"11,038.00",0.00,,,,,,,,"3,771.32",,,,,,,,,,,,,,"5,925.79","2,106.06","2,115.03",,,,,3.35,2.26,,,,,,,,,,,,
A07,632,23012G>A (FAM),0.91,2.41,0.22,0.60,0.05,15537,3,15534,0.00,3.00,13.00,"15,521.00",0.00,,,,,,,,"4,100.00",,,23012G>A (HEX),0.23,,,0.54,0.00,18.75,,,38.96,0.00,"4,779.13","3,197.87","3,198.18",,,,,0.39,0.12,,,,,,,0.38,0.08,,,28.77,8.72
A07,632,23012G>A (HEX),3.94,6.51,2.16,1.63,0.54,15537,13,15524,0.00,3.00,13.00,"15,521.00",0.00,,,,,,,,"3,109.34",,,,,,,,,,,,,,"3,637.90","2,517.64","2,518.57",,,,,1.28,0.74,,,,,,,,,,,,
C07,653,23012G>A (FAM),0.52,1.68,0.08,0.42,0.02,17985,2,17983,0.00,2.00,16.00,"17,967.00",0.00,,,,,,,,"4,100.00",,,23012G>A (HEX),0.12,,,0.33,0.00,11.11,,,26.95,0.00,"5,296.79","3,267.90","3,268.12",,,,,0.25,0.06,,,,,,,0.22,0.03,,,18.86,3.35
C07,653,23012G>A (HEX),4.19,6.61,2.45,1.65,0.61,17985,16,17969,0.00,2.00,16.00,"17,967.00",0.00,,,,,,,,"3,109.34",,,,,,,,,,,,,,"3,634.13","2,514.32","2,515.31",,,,,1.33,0.81,,,,,,,,,,,,
A08,NTC,23012G>A (FAM),0.00,0.86,0.00,0.22,0.00,16321,0,16321,0.00,0.00,0.00,"16,321.00",0.00,,,,,,,,"4,100.00",,,23012G>A (HEX),,,,,,,,,,,0.00,"3,000.60","3,000.60",,,,,0.10,0.00,,,,,,,,,,,,
A08,NTC,23012G>A (HEX),0.00,0.86,0.00,0.22,0.00,16321,0,16321,0.00,0.00,0.00,"16,321.00",0.00,,,,,,,,"3,109.34",,,,,,,,,,,,,,0.00,"2,399.66","2,399.66",,,,,0.10,0.00,,,,,,,,,,,,
C08,114,23012G>A (FAM),1.45,3.16,0.51,0.79,0.13,16179,5,16174,0.00,5.00,18.00,"16,156.00",0.00,,,,,,,,"4,100.00",,,23012G>A (HEX),0.28,,,0.56,0.00,21.73,,,39.15,4.32,"5,218.98","3,260.24","3,260.84",,,,,0.55,0.22,,,,,,,0.42,0.14,,,30.45,13.01
C08,114,23012G>A (HEX),5.24,8.06,3.17,2.02,0.79,16179,18,16161,0.00,5.00,18.00,"16,156.00",0.00,,,,,,,,"3,109.34",,,,,,,,,,,,,,"3,566.36","2,505.18","2,506.36",,,,,1.64,1.02,,,,,,,,,,,,
D08,123,23012G>A (FAM),1.31,3.10,0.40,0.77,0.10,14336,4,14332,0.00,4.00,8.00,"14,324.00",0.00,,,,,,,,"4,100.00",,,23012G>A (HEX),0.50,,,1.12,0.00,33.33,,,61.10,5.56,"5,270.71","3,320.40","3,320.95",,,,,0.52,0.19,,,,,,,0.81,0.19,,,47.19,19.47
D08,123,23012G>A (HEX),2.63,4.92,1.19,1.23,0.30,14336,8,14328,0.00,4.00,8.00,"14,324.00",0.00,,,,,,,,"3,109.34",,,,,,,,,,,,,,"3,500.83","2,520.06","2,520.61",,,,,0.92,0.45,,,,,,,,,,,,
E08,133,23012G>A (FAM),0.89,2.35,0.21,0.59,0.05,15944,3,15941,2.00,1.00,6.00,"15,935.00",0.15,,,,,,,,"4,100.00",,,23012G>A (HEX),0.37,,,0.90,0.00,27.27,,,55.04,0.00,"4,471.05","3,247.16","3,247.39",,,,,0.38,0.12,,,,,,,0.64,0.11,,,41.05,13.49
E08,133,23012G>A (HEX),2.36,4.42,1.07,1.11,0.27,15944,8,15936,2.00,1.00,6.00,"15,935.00",0.15,,,,,,,,"3,109.34",,,,,,,,,,,,,,"3,438.40","2,471.15","2,471.63",,,,,0.83,0.40,,,,,,,,,,,,
F08,143,23012G>A (FAM),3.46,6.09,1.72,1.52,0.43,13611,10,13601,1.00,9.00,8.00,"13,593.00",0.09,,,,,,,,"4,100.00",,,23012G>A (HEX),1.11,,,2.13,0.09,52.63,,,75.55,29.71,"5,107.51","3,307.53","3,308.85",,,,,1.17,0.62,,,,,,,1.63,0.60,,,64.16,41.10
F08,143,23012G>A (HEX),3.11,5.64,1.48,1.41,0.37,13611,9,13602,1.00,9.00,8.00,"13,593.00",0.09,,,,,,,,"3,109.34",,,,,,,,,,,,,,"3,434.21","2,501.59","2,502.21",,,,,1.07,0.55,,,,,,,,,,,,
H08,Positive Control (4/29),23012G>A (FAM),0.00,1.03,0.00,0.26,0.00,13734,0,13734,0.00,0.00,32.00,"13,702.00",0.00,,,,,,,,"4,100.00",,,23012G>A (HEX),,,,,,,,,,,0.00,"3,223.43","3,223.43",,,,,0.12,0.00,,,,,,,,,,,,
H08,Positive Control (4/29),23012G>A (HEX),10.98,15.25,7.59,3.81,1.90,13734,32,13702,0.00,0.00,32.00,"13,702.00",0.00,,,,,,,,"3,109.34",,,,,,,,,,,,,,"3,448.05","2,470.94","2,473.22",,,,,3.26,2.29,,,,,,,,,,,,
A09,NTC,21765-21770 Del (FAM),0.27,1.30,0.01,0.32,0.00,17344,1,17343,0.00,1.00,3.00,"17,340.00",0.00,,,,,,,,"3,807.90",,,21765-21770 Del (HEX),0.33,,,1.22,0.00,25.00,,,74.82,0.00,"4,031.75","3,174.91","3,174.96",,,,,0.17,0.02,,,,,,,0.75,0.00,,,48.61,1.39
A09,NTC,21765-21770 Del (HEX),0.81,2.16,0.19,0.54,0.05,17344,3,17341,0.00,1.00,3.00,"17,340.00",0.00,,,,,,,,"4,064.00",,,,,,,,,,,,,,"5,107.43","2,613.31","2,613.74",,,,,0.35,0.11,,,,,,,,,,,,
B09,Control 15,21765-21770 Del (FAM),11958.25,"12,202.89","11,725.70","3,050.72","2,931.42",17505,16126,1379,0.00,"16,126.00",0.00,"1,379.00",0.00,,,,,,,,"3,807.90",,,21765-21770 Del (HEX),,,,,,100.00,,,100.00,100.00,"3,997.31","3,731.65","3,976.38",,,,,"3,020.37","2,959.54",,,,,,,,,,,100.00,100.00
B09,Control 15,21765-21770 Del (HEX),0.00,0.81,0.00,0.20,0.00,17505,0,17505,0.00,"16,126.00",0.00,"1,379.00",0.00,,,,,,,,"4,064.00",,,,,,,,,,,,,,0.00,"2,666.07","2,666.07",,,,,0.09,0.00,,,,,,,,,,,,
C09,Control 16,21765-21770 Del (FAM),0.61,1.96,0.09,0.49,0.02,15417,2,15415,2.00,0.00,"15,415.00",0.00,0.00,,,,,,,,"3,807.90",,,21765-21770 Del (HEX),0.00,,,0.00,0.00,0.00,,,0.00,0.00,"3,877.91","3,242.78","3,242.86",,,,,0.29,0.07,,,,,,,0.00,0.00,,,0.00,0.00
C09,Control 16,21765-21770 Del (HEX),4000000.00,"4,000,000.00","40,216.23","1,000,000.00","10,054.06",15417,15417,0,2.00,0.00,"15,415.00",0.00,0.00,,,,,,,,"4,064.00",,,,,,,,,,,,,,"5,775.45",0.00,"5,775.45",,,,,"1,000,000.00","10,975.46",,,,,,,,,,,,
D09,Control 17,21765-21770 Del (FAM),0.95,2.53,0.23,0.63,0.06,14789,3,14786,3.00,0.00,"14,786.00",0.00,0.00,,,,,,,,"3,807.90",,,21765-21770 Del (HEX),0.00,,,0.00,0.00,0.00,,,0.00,0.00,"3,838.39","3,183.69","3,183.82",,,,,0.41,0.12,,,,,,,0.00,0.00,,,0.00,0.00
D09,Control 17,21765-21770 Del (HEX),4000000.00,"4,000,000.00","40,020.52","1,000,000.00","10,005.13",14789,14789,0,3.00,0.00,"14,786.00",0.00,0.00,,,,,,,,"4,064.00",,,,,,,,,,,,,,"5,679.33",0.00,"5,679.33",,,,,"1,000,000.00","10,926.54",,,,,,,,,,,,
E09,Control 18,21765-21770 Del (FAM),0.00,1.05,0.00,0.26,0.00,13383,0,13383,0.00,0.00,"13,383.00",0.00,0.00,,,,,,,,"3,807.90",,,21765-21770 Del (HEX),,,,,,,,,,,0.00,"3,158.64","3,158.64",,,,,0.12,0.00,,,,,,,,,,,,
E09,Control 18,21765-21770 Del (HEX),4000000.00,"4,000,000.00","39,550.41","1,000,000.00","9,887.60",13383,13383,0,0.00,0.00,"13,383.00",0.00,0.00,,,,,,,,"4,064.00",,,,,,,,,,,,,,"5,644.53",0.00,"5,644.53",,,,,"1,000,000.00","10,809.01",,,,,,,,,,,,
H09,Positive Control,21765-21770 Del (FAM),0.79,2.54,0.12,0.64,0.03,11858,2,11856,0.00,2.00,12.00,"11,844.00",0.00,,,,,,,,"3,807.90",,,21765-21770 Del (HEX),0.17,,,0.44,0.00,14.28,,,34.24,0.00,"3,936.02","3,168.57","3,168.70",,,,,0.38,0.09,,,,,,,0.30,0.03,,,24.06,4.50
H09,Positive Control,21765-21770 Del (HEX),4.76,8.02,2.54,2.01,0.63,11858,12,11846,0.00,2.00,12.00,"11,844.00",0.00,,,,,,,,"4,064.00",,,,,,,,,,,,,,"5,511.03","2,638.04","2,640.94",,,,,1.57,0.88,,,,,,,,,,,,
A10,NTC,A23063T (FAM),0.00,0.84,0.00,0.21,0.00,16853,0,16853,0.00,0.00,0.00,"16,853.00",0.00,,,,,,,,"6,328.30",,,A23063T (HEX),,,,,,,,,,,0.00,"2,982.31","2,982.31",,,,,0.10,0.00,,,,,,,,,,,,
A10,NTC,A23063T (HEX),0.00,0.84,0.00,0.21,0.00,16853,0,16853,0.00,0.00,0.00,"16,853.00",0.00,,,,,,,,"4,076.76",,,,,,,,,,,,,,0.00,"2,076.76","2,076.76",,,,,0.10,0.00,,,,,,,,,,,,
B10,Control 15,A23063T (FAM),4000000.00,"4,000,000.00","40,377.64","1,000,000.00","10,094.41",15955,15955,0,0.00,"15,955.00",0.00,0.00,0.00,,,,,,,,"6,328.30",,,A23063T (HEX),,,,,,100.00,,,100.00,100.00,"10,355.28",0.00,"10,355.28",,,,,"1,000,000.00","11,015.82",,,,,,,,,,,100.00,100.00
B10,Control 15,A23063T (HEX),0.00,0.88,0.00,0.22,0.00,15955,0,15955,0.00,"15,955.00",0.00,0.00,0.00,,,,,,,,"4,076.76",,,,,,,,,,,,,,0.00,"2,301.02","2,301.02",,,,,0.10,0.00,,,,,,,,,,,,
C10,Control 16,A23063T (FAM),4000000.00,"4,000,000.00","39,506.96","1,000,000.00","9,876.74",13260,13260,0,0.00,"13,260.00",0.00,0.00,0.00,,,,,,,,"6,328.30",,,A23063T (HEX),,,,,,100.00,,,100.00,100.00,"10,267.28",0.00,"10,267.28",,,,,"1,000,000.00","10,798.15",,,,,,,,,,,100.00,100.00
C10,Control 16,A23063T (HEX),0.00,1.06,0.00,0.27,0.00,13260,0,13260,0.00,"13,260.00",0.00,0.00,0.00,,,,,,,,"4,076.76",,,,,,,,,,,,,,0.00,"2,313.61","2,313.61",,,,,0.12,0.00,,,,,,,,,,,,
D10,Control 17,A23063T (FAM),4000000.00,"4,000,000.00","39,616.40","1,000,000.00","9,904.10",13572,13572,0,0.00,"13,572.00",0.00,0.00,0.00,,,,,,,,"6,328.30",,,A23063T (HEX),,,,,,100.00,,,100.00,100.00,"10,097.20",0.00,"10,097.20",,,,,"1,000,000.00","10,825.51",,,,,,,,,,,100.00,100.00
D10,Control 17,A23063T (HEX),0.00,1.04,0.00,0.26,0.00,13572,0,13572,0.00,"13,572.00",0.00,0.00,0.00,,,,,,,,"4,076.76",,,,,,,,,,,,,,0.00,"2,281.30","2,281.30",,,,,0.12,0.00,,,,,,,,,,,,
E10,Control 18,A23063T (FAM),0.00,1.08,0.00,0.27,0.00,13053,0,13053,0.00,0.00,"13,053.00",0.00,0.00,,,,,,,,"6,328.30",,,A23063T (HEX),,,,,,,,,,,0.00,"3,344.57","3,344.57",,,,,0.12,0.00,,,,,,,,,,,,
E10,Control 18,A23063T (HEX),4000000.00,"4,000,000.00","39,432.92","1,000,000.00","9,858.23",13053,13053,0,0.00,0.00,"13,053.00",0.00,0.00,,,,,,,,"4,076.76",,,,,,,,,,,,,,"5,740.84",0.00,"5,740.84",,,,,"1,000,000.00","10,779.64",,,,,,,,,,,,
H10,Positive Control,A23063T (FAM),0.00,0.91,0.00,0.23,0.00,15551,0,15551,0.00,0.00,8.00,"15,543.00",0.00,,,,,,,,"6,328.30",,,A23063T (HEX),,,,,,,,,,,0.00,"3,058.21","3,058.21",,,,,0.10,0.00,,,,,,,,,,,,
H10,Positive Control,A23063T (HEX),2.42,4.53,1.10,1.13,0.27,15551,8,15543,0.00,0.00,8.00,"15,543.00",0.00,,,,,,,,"4,076.76",,,,,,,,,,,,,,"5,149.71","2,180.16","2,181.69",,,,,0.85,0.41,,,,,,,,,,,,
A11,NTC,21801A>C (FAM),0.27,1.27,0.01,0.32,0.00,17659,1,17658,0.00,1.00,0.00,"17,658.00",0.00,,,,,,,,"7,083.02",,,21801A>C (HEX),,,,,,100.00,,,249.81,0.00,"10,623.44","2,917.71","2,918.15",,,,,0.17,0.02,,,,,,,,,,,168.45,31.55
A11,NTC,21801A>C (HEX),0.00,0.80,0.00,0.20,0.00,17659,0,17659,0.00,1.00,0.00,"17,658.00",0.00,,,,,,,,"3,771.32",,,,,,,,,,,,,,0.00,"2,116.40","2,116.40",,,,,0.09,0.00,,,,,,,,,,,,
B11,Control 15,21801A>C (FAM),0.00,0.90,0.00,0.23,0.00,15642,0,15642,0.00,0.00,"15,642.00",0.00,0.00,,,,,,,,"7,083.02",,,21801A>C (HEX),,,,,,,,,,,0.00,"4,647.25","4,647.25",,,,,0.10,0.00,,,,,,,,,,,,
B11,Control 15,21801A>C (HEX),4000000.00,"4,000,000.00","40,284.41","1,000,000.00","10,071.10",15642,15642,0,0.00,0.00,"15,642.00",0.00,0.00,,,,,,,,"3,771.32",,,,,,,,,,,,,,"6,473.34",0.00,"6,473.34",,,,,"1,000,000.00","10,992.51",,,,,,,,,,,,
C11,Control 16,21801A>C (FAM),4000000.00,"4,000,000.00","39,987.31","1,000,000.00","9,996.83",14685,14685,0,1.00,"14,684.00",0.00,0.00,0.00,,,,,,,,"7,083.02",,,21801A>C (HEX),"1,000,000.00",,,"1,000,000.00",0.00,100.00,,,100.00,100.00,"10,713.61",0.00,"10,713.61",,,,,"1,000,000.00","10,918.24",,,,,,,"1,000,000.00",0.00,,,100.00,100.00
C11,Control 16,21801A>C (HEX),0.32,1.53,0.01,0.38,0.00,14685,1,14684,1.00,"14,684.00",0.00,0.00,0.00,,,,,,,,"3,771.32",,,,,,,,,,,,,,"4,439.03","3,070.00","3,070.10",,,,,0.20,0.02,,,,,,,,,,,,
D11,Control 17,21801A>C (FAM),0.00,0.93,0.00,0.23,0.00,15220,0,15220,0.00,0.00,"15,220.00",0.00,0.00,,,,,,,,"7,083.02",,,21801A>C (HEX),,,,,,,,,,,0.00,"4,851.46","4,851.46",,,,,0.11,0.00,,,,,,,,,,,,
D11,Control 17,21801A>C (HEX),4000000.00,"4,000,000.00","40,155.71","1,000,000.00","10,038.93",15220,15220,0,0.00,0.00,"15,220.00",0.00,0.00,,,,,,,,"3,771.32",,,,,,,,,,,,,,"6,564.11",0.00,"6,564.11",,,,,"1,000,000.00","10,960.33",,,,,,,,,,,,
E11,Control 18,21801A>C (FAM),0.00,1.01,0.00,0.25,0.00,13936,0,13936,0.00,0.00,"13,936.00",0.00,0.00,,,,,,,,"7,083.02",,,21801A>C (HEX),,,,,,,,,,,0.00,"4,827.79","4,827.79",,,,,0.12,0.00,,,,,,,,,,,,
E11,Control 18,21801A>C (HEX),4000000.00,"4,000,000.00","39,740.95","1,000,000.00","9,935.24",13936,13936,0,0.00,0.00,"13,936.00",0.00,0.00,,,,,,,,"3,771.32",,,,,,,,,,,,,,"6,520.05",0.00,"6,520.05",,,,,"1,000,000.00","10,856.65",,,,,,,,,,,,
H11,Positive Control,21801A>C (FAM),0.00,1.18,0.00,0.29,0.00,11957,0,11957,0.00,0.00,31.00,"11,926.00",0.00,,,,,,,,"7,083.02",,,21801A>C (HEX),,,,,,,,,,,0.00,"2,691.76","2,691.76",,,,,0.13,0.00,,,,,,,,,,,,
H11,Positive Control,21801A>C (HEX),12.22,17.06,8.39,4.26,2.10,11957,31,11926,0.00,0.00,31.00,"11,926.00",0.00,,,,,,,,"3,771.32",,,,,,,,,,,,,,"5,932.74","2,053.38","2,063.43",,,,,3.64,2.54,,,,,,,,,,,,
A12,NTC,23012G>A (FAM),0.00,0.81,0.00,0.20,0.00,17321,0,17321,0.00,0.00,0.00,"17,321.00",0.00,,,,,,,,"4,100.00",,,23012G>A (HEX),,,,,,,,,,,0.00,"3,086.21","3,086.21",,,,,0.09,0.00,,,,,,,,,,,,
A12,NTC,23012G>A (HEX),0.00,0.81,0.00,0.20,0.00,17321,0,17321,0.00,0.00,0.00,"17,321.00",0.00,,,,,,,,"3,109.34",,,,,,,,,,,,,,0.00,"2,430.65","2,430.65",,,,,0.09,0.00,,,,,,,,,,,,
B12,Control 15,23012G>A (FAM),0.00,0.85,0.00,0.21,0.00,16540,0,16540,0.00,0.00,"16,532.00",8.00,0.00,,,,,,,,"4,100.00",,,23012G>A (HEX),,,,,,,,,,,0.00,"3,612.86","3,612.86",,,,,0.10,0.00,,,,,,,,,,,,
B12,Control 15,23012G>A (HEX),35925.15,"39,654.17","32,973.59","9,913.54","8,243.40",16540,16532,8,0.00,0.00,"16,532.00",8.00,0.00,,,,,,,,"3,109.34",,,,,,,,,,,,,,"3,665.90","3,045.15","3,665.60",,,,,"9,425.53","8,586.59",,,,,,,,,,,,
C12,Control 16,23012G>A (FAM),4000000.00,"4,000,000.00","40,314.10","1,000,000.00","10,078.52",15741,15741,0,19.00,"15,722.00",0.00,0.00,0.00,,,,,,,,"4,100.00",,,23012G>A (HEX),"703,777.53",,,"1,000,000.00","230,842.93",100.00,,,100.00,100.00,"5,489.29",0.00,"5,489.29",,,,,"1,000,000.00","10,999.93",,,,,,,"1,000,000.00","320,062.92",,,100.00,100.00
C12,Control 16,23012G>A (HEX),5.68,8.65,3.49,2.16,0.87,15741,19,15722,19.00,"15,722.00",0.00,0.00,0.00,,,,,,,,"3,109.34",,,,,,,,,,,,,,"3,134.30","2,807.70","2,808.10",,,,,1.77,1.12,,,,,,,,,,,,
D12,Control 17,23012G>A (FAM),4000000.00,"4,000,000.00","39,978.97","1,000,000.00","9,994.74",14659,14659,0,14.00,"14,645.00",0.00,0.00,0.00,,,,,,,,"4,100.00",,,23012G>A (HEX),"889,585.59",,,"1,000,000.00","243,604.35",100.00,,,100.00,100.00,"5,474.13",0.00,"5,474.13",,,,,"1,000,000.00","10,916.15",,,,,,,"1,000,000.00","389,160.30",,,100.00,100.00
D12,Control 17,23012G>A (HEX),4.50,7.30,2.52,1.83,0.63,14659,14,14645,14.00,"14,645.00",0.00,0.00,0.00,,,,,,,,"3,109.34",,,,,,,,,,,,,,"3,143.38","2,804.71","2,805.03",,,,,1.45,0.85,,,,,,,,,,,,
E12,Control 18,23012G>A (FAM),7974.67,"8,132.66","7,821.81","2,033.16","1,955.45",15664,12787,2877,30.00,"12,757.00",0.00,"2,877.00",2.26,,,,,,,,"4,100.00",,,23012G>A (HEX),883.97,,,"1,203.11",564.82,99.89,,,99.93,99.85,"4,260.78","4,022.29","4,216.97",,,,,"2,013.65","1,974.01",,,,,,,"1,045.47",722.47,,,99.91,99.87
E12,Control 18,23012G>A (HEX),9.02,12.66,6.16,3.17,1.54,15664,30,15634,30.00,"12,757.00",0.00,"2,877.00",2.26,,,,,,,,"3,109.00",,,,,,,,,,,,,,"3,158.58","2,774.36","2,775.10",,,,,2.69,1.87,,,,,,,,,,,,
H12,Positive Control,23012G>A (FAM),0.29,1.39,0.01,0.35,0.00,16125,1,16124,0.00,1.00,28.00,"16,096.00",0.00,,,,,,,,"4,100.00",,,23012G>A (HEX),0.04,,,0.12,0.00,3.45,,,11.42,0.00,"4,650.68","3,239.29","3,239.38",,,,,0.18,0.02,,,,,,,0.08,0.00,,,7.19,0.00
H12,Positive Control,23012G>A (HEX),8.18,11.61,5.50,2.90,1.38,16125,28,16097,0.00,1.00,28.00,"16,096.00",0.00,,,,,,,,"3,109.34",,,,,,,,,,,,,,"3,404.90","2,445.79","2,447.46",,,,,2.46,1.68,,,,,,,,,,,,
