"date","covid_cases_total","covid_cases_new","covid_cases_per100K","covid_cases_7day","hover_text_case"
2020-01-22,0,NA,NA,NA,"Jan 22, 2020<br><b>NA</b> cases per 100,000 people"
2020-01-23,0,0,0,NA,"Jan 23, 2020<br><b>NA</b> cases per 100,000 people"
2020-01-24,0,0,0,NA,"Jan 24, 2020<br><b>NA</b> cases per 100,000 people"
2020-01-25,0,0,0,NA,"Jan 25, 2020<br><b>NA</b> cases per 100,000 people"
2020-01-26,0,0,0,NA,"Jan 26, 2020<br><b>NA</b> cases per 100,000 people"
2020-01-27,0,0,0,NA,"Jan 27, 2020<br><b>NA</b> cases per 100,000 people"
2020-01-28,0,0,0,NA,"Jan 28, 2020<br><b>NA</b> cases per 100,000 people"
2020-01-29,0,0,0,0,"Jan 29, 2020<br><b>0</b> cases per 100,000 people"
2020-01-30,0,0,0,0,"Jan 30, 2020<br><b>0</b> cases per 100,000 people"
2020-01-31,0,0,0,0,"Jan 31, 2020<br><b>0</b> cases per 100,000 people"
2020-02-01,0,0,0,0,"Feb 01, 2020<br><b>0</b> cases per 100,000 people"
2020-02-02,0,0,0,0,"Feb 02, 2020<br><b>0</b> cases per 100,000 people"
2020-02-03,0,0,0,0,"Feb 03, 2020<br><b>0</b> cases per 100,000 people"
2020-02-04,0,0,0,0,"Feb 04, 2020<br><b>0</b> cases per 100,000 people"
2020-02-05,0,0,0,0,"Feb 05, 2020<br><b>0</b> cases per 100,000 people"
2020-02-06,0,0,0,0,"Feb 06, 2020<br><b>0</b> cases per 100,000 people"
2020-02-07,0,0,0,0,"Feb 07, 2020<br><b>0</b> cases per 100,000 people"
2020-02-08,0,0,0,0,"Feb 08, 2020<br><b>0</b> cases per 100,000 people"
2020-02-09,0,0,0,0,"Feb 09, 2020<br><b>0</b> cases per 100,000 people"
2020-02-10,0,0,0,0,"Feb 10, 2020<br><b>0</b> cases per 100,000 people"
2020-02-11,0,0,0,0,"Feb 11, 2020<br><b>0</b> cases per 100,000 people"
2020-02-12,0,0,0,0,"Feb 12, 2020<br><b>0</b> cases per 100,000 people"
2020-02-13,0,0,0,0,"Feb 13, 2020<br><b>0</b> cases per 100,000 people"
2020-02-14,0,0,0,0,"Feb 14, 2020<br><b>0</b> cases per 100,000 people"
2020-02-15,0,0,0,0,"Feb 15, 2020<br><b>0</b> cases per 100,000 people"
2020-02-16,0,0,0,0,"Feb 16, 2020<br><b>0</b> cases per 100,000 people"
2020-02-17,0,0,0,0,"Feb 17, 2020<br><b>0</b> cases per 100,000 people"
2020-02-18,0,0,0,0,"Feb 18, 2020<br><b>0</b> cases per 100,000 people"
2020-02-19,0,0,0,0,"Feb 19, 2020<br><b>0</b> cases per 100,000 people"
2020-02-20,0,0,0,0,"Feb 20, 2020<br><b>0</b> cases per 100,000 people"
2020-02-21,0,0,0,0,"Feb 21, 2020<br><b>0</b> cases per 100,000 people"
2020-02-22,0,0,0,0,"Feb 22, 2020<br><b>0</b> cases per 100,000 people"
2020-02-23,0,0,0,0,"Feb 23, 2020<br><b>0</b> cases per 100,000 people"
2020-02-24,0,0,0,0,"Feb 24, 2020<br><b>0</b> cases per 100,000 people"
2020-02-25,0,0,0,0,"Feb 25, 2020<br><b>0</b> cases per 100,000 people"
2020-02-26,0,0,0,0,"Feb 26, 2020<br><b>0</b> cases per 100,000 people"
2020-02-27,0,0,0,0,"Feb 27, 2020<br><b>0</b> cases per 100,000 people"
2020-02-28,0,0,0,0,"Feb 28, 2020<br><b>0</b> cases per 100,000 people"
2020-02-29,0,0,0,0,"Feb 29, 2020<br><b>0</b> cases per 100,000 people"
2020-03-01,0,0,0,0,"Mar 01, 2020<br><b>0</b> cases per 100,000 people"
2020-03-02,0,0,0,0,"Mar 02, 2020<br><b>0</b> cases per 100,000 people"
2020-03-03,0,0,0,0,"Mar 03, 2020<br><b>0</b> cases per 100,000 people"
2020-03-04,0,0,0,0,"Mar 04, 2020<br><b>0</b> cases per 100,000 people"
2020-03-05,0,0,0,0,"Mar 05, 2020<br><b>0</b> cases per 100,000 people"
2020-03-06,1,1,0.0316145153621253,0.00451635933744647,"Mar 06, 2020<br><b>0</b> cases per 100,000 people"
2020-03-07,1,0,0,0.00451635933744647,"Mar 07, 2020<br><b>0</b> cases per 100,000 people"
2020-03-08,1,0,0,0.00451635933744647,"Mar 08, 2020<br><b>0</b> cases per 100,000 people"
2020-03-09,1,0,0,0.00451635933744647,"Mar 09, 2020<br><b>0</b> cases per 100,000 people"
2020-03-10,2,1,0.0316145153621253,0.00903271867489294,"Mar 10, 2020<br><b>0.01</b> cases per 100,000 people"
2020-03-11,3,1,0.0316145153621253,0.0135490780123394,"Mar 11, 2020<br><b>0.01</b> cases per 100,000 people"
2020-03-12,7,4,0.126458061448501,0.0316145153621253,"Mar 12, 2020<br><b>0.03</b> cases per 100,000 people"
2020-03-13,9,2,0.0632290307242506,0.0361308746995718,"Mar 13, 2020<br><b>0.04</b> cases per 100,000 people"
2020-03-14,15,6,0.189687092172752,0.0632290307242506,"Mar 14, 2020<br><b>0.06</b> cases per 100,000 people"
2020-03-15,16,1,0.0316145153621253,0.0677453900616971,"Mar 15, 2020<br><b>0.07</b> cases per 100,000 people"
2020-03-16,36,20,0.632290307242506,0.158072576810627,"Mar 16, 2020<br><b>0.16</b> cases per 100,000 people"
2020-03-17,41,5,0.158072576810627,0.176138014160412,"Mar 17, 2020<br><b>0.18</b> cases per 100,000 people"
2020-03-18,48,7,0.221301607534877,0.203236170185091,"Mar 18, 2020<br><b>0.2</b> cases per 100,000 people"
2020-03-19,62,14,0.442603215069754,0.248399763559556,"Mar 19, 2020<br><b>0.25</b> cases per 100,000 people"
2020-03-20,81,19,0.600675791880381,0.325177872296146,"Mar 20, 2020<br><b>0.33</b> cases per 100,000 people"
2020-03-21,90,9,0.284530638259128,0.338726950308485,"Mar 21, 2020<br><b>0.34</b> cases per 100,000 people"
2020-03-22,108,18,0.569061276518255,0.415505059045075,"Mar 22, 2020<br><b>0.42</b> cases per 100,000 people"
2020-03-23,161,53,1.67556931419264,0.564544917180809,"Mar 23, 2020<br><b>0.56</b> cases per 100,000 people"
2020-03-24,180,19,0.600675791880381,0.62777394790506,"Mar 24, 2020<br><b>0.63</b> cases per 100,000 people"
2020-03-25,193,13,0.410988699707629,0.654872103929738,"Mar 25, 2020<br><b>0.65</b> cases per 100,000 people"
2020-03-26,222,29,0.916820945501634,0.722617493991435,"Mar 26, 2020<br><b>0.72</b> cases per 100,000 people"
2020-03-27,250,28,0.885206430139509,0.763264728028454,"Mar 27, 2020<br><b>0.76</b> cases per 100,000 people"
2020-03-28,281,31,0.980049976225884,0.862624633452276,"Mar 28, 2020<br><b>0.86</b> cases per 100,000 people"
2020-03-29,318,37,1.16973706839864,0.948435460863759,"Mar 29, 2020<br><b>0.95</b> cases per 100,000 people"
2020-03-30,362,44,1.39103867593351,0.907788226826741,"Mar 30, 2020<br><b>0.91</b> cases per 100,000 people"
2020-03-31,389,27,0.853591914777383,0.943919101526313,"Mar 31, 2020<br><b>0.94</b> cases per 100,000 people"
2020-04-01,422,33,1.04327900695013,1.03424628827524,"Apr 01, 2020<br><b>1.03</b> cases per 100,000 people"
2020-04-02,450,28,0.885206430139509,1.0297299289378,"Apr 02, 2020<br><b>1.03</b> cases per 100,000 people"
2020-04-03,473,23,0.727133853328882,1.00714813225056,"Apr 03, 2020<br><b>1.01</b> cases per 100,000 people"
2020-04-04,499,26,0.821977399415258,0.984566335563331,"Apr 04, 2020<br><b>0.98</b> cases per 100,000 people"
2020-04-05,542,43,1.35942416057139,1.01166449158801,"Apr 05, 2020<br><b>1.01</b> cases per 100,000 people"
2020-04-06,573,31,0.980049976225884,0.952951820201206,"Apr 06, 2020<br><b>0.95</b> cases per 100,000 people"
2020-04-07,618,45,1.42265319129564,1.03424628827524,"Apr 07, 2020<br><b>1.03</b> cases per 100,000 people"
2020-04-08,674,56,1.77041286027902,1.13812255303651,"Apr 08, 2020<br><b>1.14</b> cases per 100,000 people"
2020-04-09,729,55,1.73879834491689,1.26006425514757,"Apr 09, 2020<br><b>1.26</b> cases per 100,000 people"
2020-04-10,729,0,0,1.1561879903863,"Apr 10, 2020<br><b>1.16</b> cases per 100,000 people"
2020-04-11,850,121,3.82535635881716,1.58524212744371,"Apr 11, 2020<br><b>1.59</b> cases per 100,000 people"
2020-04-12,985,135,4.26795957388692,2.00074718648879,"Apr 12, 2020<br><b>2</b> cases per 100,000 people"
2020-04-13,985,0,0,1.86074004702795,"Apr 13, 2020<br><b>1.86</b> cases per 100,000 people"
2020-04-14,1033,48,1.51749673738201,1.87428912504029,"Apr 14, 2020<br><b>1.87</b> cases per 100,000 people"
2020-04-15,1116,83,2.6240047750564,1.99623082715134,"Apr 15, 2020<br><b>2</b> cases per 100,000 people"
2020-04-16,1190,74,2.33947413679727,2.08204165456282,"Apr 16, 2020<br><b>2.08</b> cases per 100,000 people"
2020-04-17,1306,116,3.66728378200654,2.60593933770661,"Apr 17, 2020<br><b>2.61</b> cases per 100,000 people"
2020-04-18,1394,88,2.78207735186703,2.45689947957088,"Apr 18, 2020<br><b>2.46</b> cases per 100,000 people"
2020-04-19,1462,68,2.14978704462452,2.15430340396197,"Apr 19, 2020<br><b>2.15</b> cases per 100,000 people"
2020-04-20,1534,72,2.27624510607302,2.47948127625811,"Apr 20, 2020<br><b>2.48</b> cases per 100,000 people"
2020-04-21,1553,19,0.600675791880381,2.34850685547217,"Apr 21, 2020<br><b>2.35</b> cases per 100,000 people"
2020-04-22,1572,19,0.600675791880381,2.05945985787559,"Apr 22, 2020<br><b>2.06</b> cases per 100,000 people"
2020-04-23,1616,44,1.39103867593351,1.9239690777522,"Apr 23, 2020<br><b>1.92</b> cases per 100,000 people"
2020-04-24,1652,36,1.13812255303651,1.56266033075648,"Apr 24, 2020<br><b>1.56</b> cases per 100,000 people"
2020-04-25,1684,32,1.01166449158801,1.30974420785948,"Apr 25, 2020<br><b>1.31</b> cases per 100,000 people"
2020-04-26,1723,39,1.23296609912289,1.17876978707353,"Apr 26, 2020<br><b>1.18</b> cases per 100,000 people"
2020-04-27,1750,27,0.853591914777383,0.975533616888438,"Apr 27, 2020<br><b>0.98</b> cases per 100,000 people"
2020-04-28,1806,56,1.77041286027902,1.14263891237396,"Apr 28, 2020<br><b>1.14</b> cases per 100,000 people"
2020-04-29,2499,693,21.9088591459528,4.18666510581288,"Apr 29, 2020<br><b>4.19</b> cases per 100,000 people"
2020-04-30,2682,183,5.78545631126893,4.81443905371794,"Apr 30, 2020<br><b>4.81</b> cases per 100,000 people"
2020-05-01,2836,154,4.8686353657673,5.34736945553662,"May 01, 2020<br><b>5.35</b> cases per 100,000 people"
2020-05-02,3101,265,8.37784657096321,6.39968118116165,"May 02, 2020<br><b>6.4</b> cases per 100,000 people"
2020-05-03,3357,256,8.09331593270408,7.37973115738754,"May 03, 2020<br><b>7.38</b> cases per 100,000 people"
2020-05-04,3589,232,7.33456756401307,8.30558482156406,"May 04, 2020<br><b>8.31</b> cases per 100,000 people"
2020-05-05,3962,373,11.7922142300727,9.73727073153459,"May 05, 2020<br><b>9.74</b> cases per 100,000 people"
2020-05-06,4416,454,14.3529899744049,8.65786084988489,"May 06, 2020<br><b>8.66</b> cases per 100,000 people"
2020-05-07,4778,362,11.4444545610894,9.46628917128781,"May 07, 2020<br><b>9.47</b> cases per 100,000 people"
2020-05-08,5195,417,13.1832529060063,10.6540916770362,"May 08, 2020<br><b>10.65</b> cases per 100,000 people"
2020-05-09,5618,423,13.372939998179,11.3676764523528,"May 09, 2020<br><b>11.37</b> cases per 100,000 people"
2020-05-10,5926,308,9.73727073153459,11.6025271379,"May 10, 2020<br><b>11.6</b> cases per 100,000 people"
2020-05-11,6275,349,11.0334658613817,12.1309411803812,"May 11, 2020<br><b>12.13</b> cases per 100,000 people"
2020-05-12,6735,460,14.5426770665776,12.5238644427391,"May 12, 2020<br><b>12.52</b> cases per 100,000 people"
2020-05-13,7021,286,9.04175139356784,11.7651160740481,"May 13, 2020<br><b>11.77</b> cases per 100,000 people"
2020-05-14,7309,288,9.10498042429209,11.430905483077,"May 14, 2020<br><b>11.43</b> cases per 100,000 people"
2020-05-15,7927,618,19.5377704937934,12.3386937099038,"May 15, 2020<br><b>12.34</b> cases per 100,000 people"
2020-05-16,8442,515,16.2814754114945,12.7541987689488,"May 16, 2020<br><b>12.75</b> cases per 100,000 people"
2020-05-17,8965,523,16.5343915343915,13.7252160264998,"May 17, 2020<br><b>13.73</b> cases per 100,000 people"
2020-05-18,9459,494,15.6175705888899,14.3800881304296,"May 18, 2020<br><b>14.38</b> cases per 100,000 people"
2020-05-19,9927,468,14.7955931894746,14.4162190051291,"May 19, 2020<br><b>14.42</b> cases per 100,000 people"
2020-05-20,10360,433,13.6890851518003,15.0801238277338,"May 20, 2020<br><b>15.08</b> cases per 100,000 people"
2020-05-21,10745,385,12.1715884144182,15.5182106834661,"May 21, 2020<br><b>15.52</b> cases per 100,000 people"
2020-05-22,11288,543,17.166681841634,15.1794837331576,"May 22, 2020<br><b>15.18</b> cases per 100,000 people"
2020-05-23,11877,589,18.6209495482918,15.5136943241286,"May 23, 2020<br><b>15.51</b> cases per 100,000 people"
2020-05-24,12470,593,18.7474076097403,15.8298394777499,"May 24, 2020<br><b>15.83</b> cases per 100,000 people"
2020-05-25,12976,506,15.9969447732354,15.8840357897992,"May 25, 2020<br><b>15.88</b> cases per 100,000 people"
2020-05-26,13486,510,16.1234028346839,16.073722881972,"May 26, 2020<br><b>16.07</b> cases per 100,000 people"
2020-05-27,13720,234,7.39779659473732,15.1749673738201,"May 27, 2020<br><b>15.17</b> cases per 100,000 people"
2020-05-28,14032,312,9.86372879298309,14.8452731421866,"May 28, 2020<br><b>14.85</b> cases per 100,000 people"
2020-05-29,14469,437,13.8155432132488,14.3665390524172,"May 29, 2020<br><b>14.37</b> cases per 100,000 people"
2020-05-30,14901,432,13.6574706364381,13.6574706364381,"May 30, 2020<br><b>13.66</b> cases per 100,000 people"
2020-05-31,15410,509,16.0917883193218,13.2780964520926,"May 31, 2020<br><b>13.28</b> cases per 100,000 people"
2020-06-01,15666,256,8.09331593270408,12.149006617731,"Jun 01, 2020<br><b>12.15</b> cases per 100,000 people"
2020-06-02,15850,184,5.81707082663106,10.6766734737235,"Jun 02, 2020<br><b>10.68</b> cases per 100,000 people"
2020-06-03,16134,284,8.97852236284359,10.9024914405958,"Jun 03, 2020<br><b>10.9</b> cases per 100,000 people"
2020-06-04,16393,259,8.18815947879045,10.6631243957111,"Jun 04, 2020<br><b>10.66</b> cases per 100,000 people"
2020-06-05,16834,441,13.9420012746973,10.6811898330609,"Jun 05, 2020<br><b>10.68</b> cases per 100,000 people"
2020-06-06,17178,344,10.8753932845711,10.2837502113656,"Jun 06, 2020<br><b>10.28</b> cases per 100,000 people"
2020-06-07,17425,247,7.80878529444495,9.10046406495464,"Jun 07, 2020<br><b>9.1</b> cases per 100,000 people"
2020-06-08,17650,225,7.11326595647819,8.9604569254938,"Jun 08, 2020<br><b>8.96</b> cases per 100,000 people"
2020-06-09,17859,209,6.60743371068419,9.07336590892996,"Jun 09, 2020<br><b>9.07</b> cases per 100,000 people"
2020-06-10,18080,221,6.98680789502969,8.78883527067083,"Jun 10, 2020<br><b>8.79</b> cases per 100,000 people"
2020-06-11,18383,303,9.57919815472397,8.98755508151848,"Jun 11, 2020<br><b>8.99</b> cases per 100,000 people"
2020-06-12,18645,262,8.28300302487683,8.17912676011556,"Jun 12, 2020<br><b>8.18</b> cases per 100,000 people"
2020-06-13,18931,286,9.04175139356784,7.91717791854367,"Jun 13, 2020<br><b>7.92</b> cases per 100,000 people"
2020-06-14,19176,245,7.7455562637207,7.90814519986877,"Jun 14, 2020<br><b>7.91</b> cases per 100,000 people"
2020-06-15,19369,193,6.10160146489018,7.76362170107049,"Jun 15, 2020<br><b>7.76</b> cases per 100,000 people"
2020-06-16,19503,134,4.23634505852479,7.424894750762,"Jun 16, 2020<br><b>7.42</b> cases per 100,000 people"
2020-06-17,19706,203,6.41774661851144,7.34360028268796,"Jun 17, 2020<br><b>7.34</b> cases per 100,000 people"
2020-06-18,19924,218,6.89196434894332,6.95970973900501,"Jun 18, 2020<br><b>6.96</b> cases per 100,000 people"
2020-06-19,20155,231,7.30295304865095,6.81970259954417,"Jun 19, 2020<br><b>6.82</b> cases per 100,000 people"
2020-06-20,20416,261,8.2513885095147,6.70679361610801,"Jun 20, 2020<br><b>6.71</b> cases per 100,000 people"
2020-06-21,20694,278,8.78883527067083,6.85583347424374,"Jun 21, 2020<br><b>6.86</b> cases per 100,000 people"
2020-06-22,20905,211,6.67066274140844,6.93712794231778,"Jun 22, 2020<br><b>6.94</b> cases per 100,000 people"
2020-06-23,21056,151,4.77379181968092,7.01390605105437,"Jun 23, 2020<br><b>7.01</b> cases per 100,000 people"
2020-06-24,21228,172,5.43769664228555,6.87389891159353,"Jun 24, 2020<br><b>6.87</b> cases per 100,000 people"
2020-06-25,21468,240,7.58748368691007,6.97325881701735,"Jun 25, 2020<br><b>6.97</b> cases per 100,000 people"
2020-06-26,21747,279,8.82044978603296,7.19004406521478,"Jun 26, 2020<br><b>7.19</b> cases per 100,000 people"
2020-06-27,22006,259,8.18815947879045,7.18101134653989,"Jun 27, 2020<br><b>7.18</b> cases per 100,000 people"
2020-06-28,22306,300,9.48435460863759,7.28037125196371,"Jun 28, 2020<br><b>7.28</b> cases per 100,000 people"
2020-06-29,22492,186,5.88029985735531,7.16746226852755,"Jun 29, 2020<br><b>7.17</b> cases per 100,000 people"
2020-06-30,22764,272,8.59914817849808,7.71394174835857,"Jun 30, 2020<br><b>7.71</b> cases per 100,000 people"
2020-07-01,23002,238,7.52425465618582,8.01202146463004,"Jul 01, 2020<br><b>8.01</b> cases per 100,000 people"
2020-07-02,23321,319,10.085030400518,8.36881385228831,"Jul 02, 2020<br><b>8.37</b> cases per 100,000 people"
2020-07-03,23554,233,7.3661820793752,8.16106132276578,"Jul 03, 2020<br><b>8.16</b> cases per 100,000 people"
2020-07-04,23554,0,0,6.99132425436714,"Jul 04, 2020<br><b>6.99</b> cases per 100,000 people"
2020-07-05,23887,333,10.5276336155877,7.14036411250287,"Jul 05, 2020<br><b>7.14</b> cases per 100,000 people"
2020-07-06,24219,332,10.4960191002256,7.79975257577006,"Jul 06, 2020<br><b>7.8</b> cases per 100,000 people"
2020-07-07,24541,322,10.1798739466043,8.02557054264238,"Jul 07, 2020<br><b>8.03</b> cases per 100,000 people"
2020-07-08,24851,310,9.80049976225884,8.35074841493853,"Jul 08, 2020<br><b>8.35</b> cases per 100,000 people"
2020-07-09,25211,360,11.3812255303651,8.53591914777383,"Jul 09, 2020<br><b>8.54</b> cases per 100,000 people"
2020-07-10,25604,393,12.4245045373152,9.25853664176527,"Jul 10, 2020<br><b>9.26</b> cases per 100,000 people"
2020-07-11,26127,523,16.5343915343915,11.6205925752498,"Jul 11, 2020<br><b>11.62</b> cases per 100,000 people"
2020-07-12,26617,490,15.4911125274414,12.3296609912289,"Jul 12, 2020<br><b>12.33</b> cases per 100,000 people"
2020-07-13,26926,309,9.76888524689672,12.2257847264676,"Jul 13, 2020<br><b>12.23</b> cases per 100,000 people"
2020-07-14,27161,235,7.42941111009945,11.8328614641098,"Jul 14, 2020<br><b>11.83</b> cases per 100,000 people"
2020-07-15,27522,361,11.4128400457272,12.0631957903195,"Jul 15, 2020<br><b>12.06</b> cases per 100,000 people"
2020-07-16,27908,386,12.2032029297804,12.1806211330931,"Jul 16, 2020<br><b>12.18</b> cases per 100,000 people"
2020-07-17,28330,422,13.3413254828169,12.3115955538791,"Jul 17, 2020<br><b>12.31</b> cases per 100,000 people"
2020-07-18,28620,290,9.16820945501634,11.2592838282541,"Jul 18, 2020<br><b>11.26</b> cases per 100,000 people"
2020-07-19,29161,541,17.1034528109098,11.4896181544638,"Jul 19, 2020<br><b>11.49</b> cases per 100,000 people"
2020-07-20,29346,185,5.84868534199318,10.9295895966205,"Jul 20, 2020<br><b>10.93</b> cases per 100,000 people"
2020-07-21,29997,651,20.5810495007436,12.8083950809982,"Jul 21, 2020<br><b>12.81</b> cases per 100,000 people"
2020-07-22,30371,374,11.8238287454349,12.867107752385,"Jul 22, 2020<br><b>12.87</b> cases per 100,000 people"
2020-07-23,30917,546,17.2615253877204,13.5897252463764,"Jul 23, 2020<br><b>13.59</b> cases per 100,000 people"
2020-07-24,31462,545,17.2299108723583,14.1452374448824,"Jul 24, 2020<br><b>14.15</b> cases per 100,000 people"
2020-07-25,31985,523,16.5343915343915,15.1975491705074,"Jul 25, 2020<br><b>15.2</b> cases per 100,000 people"
2020-07-26,32565,580,18.3364189100327,15.3736871846678,"Jul 26, 2020<br><b>15.37</b> cases per 100,000 people"
2020-07-27,33022,457,14.4478335204913,16.6021369244532,"Jul 27, 2020<br><b>16.6</b> cases per 100,000 people"
2020-07-28,33358,336,10.6224771616741,15.1794837331576,"Jul 28, 2020<br><b>15.18</b> cases per 100,000 people"
2020-07-29,33889,531,16.7873076572885,15.8885521491367,"Jul 29, 2020<br><b>15.89</b> cases per 100,000 people"
2020-07-30,34386,497,15.7124141349763,15.6672505416018,"Jul 30, 2020<br><b>15.67</b> cases per 100,000 people"
2020-07-31,34901,515,16.2814754114945,15.5317597614784,"Jul 31, 2020<br><b>15.53</b> cases per 100,000 people"
2020-08-01,35389,488,15.4278834967171,15.3736871846678,"Aug 01, 2020<br><b>15.37</b> cases per 100,000 people"
2020-08-02,35936,547,17.2931399030825,15.2246473265321,"Aug 02, 2020<br><b>15.22</b> cases per 100,000 people"
2020-08-03,36395,459,14.5110625512155,15.233680045207,"Aug 03, 2020<br><b>15.23</b> cases per 100,000 people"
2020-08-04,36843,448,14.1633028822321,15.739512291001,"Aug 04, 2020<br><b>15.74</b> cases per 100,000 people"
2020-08-05,37313,470,14.8588222201989,15.4640143714167,"Aug 05, 2020<br><b>15.46</b> cases per 100,000 people"
2020-08-06,37881,568,17.9570447256872,15.7846758843754,"Aug 06, 2020<br><b>15.78</b> cases per 100,000 people"
2020-08-07,38253,372,11.7605997147106,15.1388364991206,"Aug 07, 2020<br><b>15.14</b> cases per 100,000 people"
2020-08-08,38903,650,20.5494349853814,15.8704867117869,"Aug 08, 2020<br><b>15.87</b> cases per 100,000 people"
2020-08-09,39488,585,18.4944914868433,16.0421083666099,"Aug 09, 2020<br><b>16.04</b> cases per 100,000 people"
2020-08-10,39951,463,14.637520612664,16.0601738039597,"Aug 10, 2020<br><b>16.06</b> cases per 100,000 people"
2020-08-11,40176,225,7.11326595647819,15.0530256717091,"Aug 11, 2020<br><b>15.05</b> cases per 100,000 people"
2020-08-12,40492,316,9.9901868544316,14.3575063337423,"Aug 12, 2020<br><b>14.36</b> cases per 100,000 people"
2020-08-13,40911,419,13.2464819367305,13.6845687924628,"Aug 13, 2020<br><b>13.68</b> cases per 100,000 people"
2020-08-14,41367,456,14.4162190051291,14.0639429768083,"Aug 14, 2020<br><b>14.06</b> cases per 100,000 people"
2020-08-15,41838,471,14.890436735561,13.2555146554054,"Aug 15, 2020<br><b>13.26</b> cases per 100,000 people"
2020-08-16,42371,533,16.8505366880128,13.0206639698582,"Aug 16, 2020<br><b>13.02</b> cases per 100,000 people"
2020-08-17,42792,421,13.3097109674548,12.8309768776854,"Aug 17, 2020<br><b>12.83</b> cases per 100,000 people"
2020-08-18,43036,244,7.71394174835857,12.9167877050969,"Aug 18, 2020<br><b>12.92</b> cases per 100,000 people"
2020-08-19,43411,375,11.855443260797,13.1832529060063,"Aug 19, 2020<br><b>13.18</b> cases per 100,000 people"
2020-08-20,43838,427,13.4993980596275,13.2193837807058,"Aug 20, 2020<br><b>13.22</b> cases per 100,000 people"
2020-08-21,44354,516,16.3130899268567,13.4903653409526,"Aug 21, 2020<br><b>13.49</b> cases per 100,000 people"
2020-08-22,44830,476,15.0485093123716,13.5129471376398,"Aug 22, 2020<br><b>13.51</b> cases per 100,000 people"
2020-08-23,45343,513,16.2182463807703,13.4226199508909,"Aug 23, 2020<br><b>13.42</b> cases per 100,000 people"
2020-08-24,45809,466,14.7323641587504,13.625856121076,"Aug 24, 2020<br><b>13.63</b> cases per 100,000 people"
2020-08-25,46039,230,7.27133853328882,13.5626270903518,"Aug 25, 2020<br><b>13.56</b> cases per 100,000 people"
2020-08-26,46365,326,10.3063320080529,13.3413254828169,"Aug 26, 2020<br><b>13.34</b> cases per 100,000 people"
2020-08-27,47070,705,22.2882333302983,14.596873378627,"Aug 27, 2020<br><b>14.6</b> cases per 100,000 people"
2020-08-28,47611,541,17.1034528109098,14.7097823620632,"Aug 28, 2020<br><b>14.71</b> cases per 100,000 people"
2020-08-29,48184,573,18.1151173024978,15.1478692177955,"Aug 29, 2020<br><b>15.15</b> cases per 100,000 people"
2020-08-30,48731,547,17.2931399030825,15.3014254352686,"Aug 30, 2020<br><b>15.3</b> cases per 100,000 people"
2020-08-31,49143,412,13.0251803291956,15.0575420310465,"Aug 31, 2020<br><b>15.06</b> cases per 100,000 people"
2020-09-01,49359,216,6.82873531821907,14.9943130003223,"Sep 01, 2020<br><b>14.99</b> cases per 100,000 people"
2020-09-02,49862,503,15.902101227149,15.7937086030503,"Sep 02, 2020<br><b>15.79</b> cases per 100,000 people"
2020-09-03,50444,582,18.3996479407569,15.2381964045444,"Sep 03, 2020<br><b>15.24</b> cases per 100,000 people"
2020-09-04,50994,550,17.3879834491689,15.2788436385814,"Sep 04, 2020<br><b>15.28</b> cases per 100,000 people"
2020-09-05,51514,520,16.4395479883052,15.0394765936968,"Sep 05, 2020<br><b>15.04</b> cases per 100,000 people"
2020-09-06,51872,358,11.3179964996409,14.1858846789194,"Sep 06, 2020<br><b>14.19</b> cases per 100,000 people"
2020-09-07,52238,366,11.5709126225379,13.9781321493968,"Sep 07, 2020<br><b>13.98</b> cases per 100,000 people"
2020-09-08,52454,216,6.82873531821907,13.9781321493968,"Sep 08, 2020<br><b>13.98</b> cases per 100,000 people"
2020-09-09,52529,75,2.3710886521594,12.0451303529697,"Sep 09, 2020<br><b>12.05</b> cases per 100,000 people"
2020-09-10,52744,215,6.79712080285694,10.3876264761269,"Sep 10, 2020<br><b>10.39</b> cases per 100,000 people"
2020-09-11,52960,216,6.82873531821907,8.87916245741976,"Sep 11, 2020<br><b>8.88</b> cases per 100,000 people"
2020-09-12,53455,495,15.649185104252,8.7662534739836,"Sep 12, 2020<br><b>8.77</b> cases per 100,000 people"
2020-09-13,53851,396,12.5193480834016,8.93787512880657,"Sep 13, 2020<br><b>8.94</b> cases per 100,000 people"
2020-09-14,54247,396,12.5193480834016,9.07336590892996,"Sep 14, 2020<br><b>9.07</b> cases per 100,000 people"
2020-09-15,54451,204,6.44936113387356,9.01916959688061,"Sep 15, 2020<br><b>9.02</b> cases per 100,000 people"
2020-09-16,54640,189,5.97514340344168,9.5340345613495,"Sep 16, 2020<br><b>9.53</b> cases per 100,000 people"
2020-09-17,55091,451,14.2581464283185,10.5998953649869,"Sep 17, 2020<br><b>10.6</b> cases per 100,000 people"
2020-09-18,55571,480,15.1749673738201,11.7922142300727,"Sep 18, 2020<br><b>11.79</b> cases per 100,000 people"
2020-09-19,55992,421,13.3097109674548,11.4580036391017,"Sep 19, 2020<br><b>11.46</b> cases per 100,000 people"
2020-09-20,56577,585,18.4944914868433,12.3115955538791,"Sep 20, 2020<br><b>12.31</b> cases per 100,000 people"
2020-09-21,57071,494,15.6175705888899,12.7541987689488,"Sep 21, 2020<br><b>12.75</b> cases per 100,000 people"
2020-09-22,57293,222,7.01842241039182,12.8354932370229,"Sep 22, 2020<br><b>12.84</b> cases per 100,000 people"
2020-09-23,57563,270,8.53591914777383,13.201318343356,"Sep 23, 2020<br><b>13.2</b> cases per 100,000 people"
2020-09-24,58011,448,14.1633028822321,13.1877692653437,"Sep 24, 2020<br><b>13.19</b> cases per 100,000 people"
2020-09-25,58578,567,17.925430210325,13.5806925277015,"Sep 25, 2020<br><b>13.58</b> cases per 100,000 people"
2020-09-26,59279,701,22.1617752688498,14.8452731421866,"Sep 26, 2020<br><b>14.85</b> cases per 100,000 people"
2020-09-27,59802,523,16.5343915343915,14.5652588632649,"Sep 27, 2020<br><b>14.57</b> cases per 100,000 people"
2020-09-28,60278,476,15.0485093123716,14.4839643951908,"Sep 28, 2020<br><b>14.48</b> cases per 100,000 people"
2020-09-29,60709,431,13.625856121076,15.4278834967171,"Sep 29, 2020<br><b>15.43</b> cases per 100,000 people"
2020-09-30,61068,359,11.349611015003,15.8298394777499,"Sep 30, 2020<br><b>15.83</b> cases per 100,000 people"
2020-10-01,61454,386,12.2032029297804,15.5498251988282,"Oct 01, 2020<br><b>15.55</b> cases per 100,000 people"
2020-10-02,62037,583,18.4312624561191,15.6220869482273,"Oct 02, 2020<br><b>15.62</b> cases per 100,000 people"
2020-10-03,62719,682,21.5610994769695,15.5362761208159,"Oct 03, 2020<br><b>15.54</b> cases per 100,000 people"
2020-10-04,63192,473,14.9536657662853,15.3104581539435,"Oct 04, 2020<br><b>15.31</b> cases per 100,000 people"
2020-10-05,63702,510,16.1234028346839,15.4640143714167,"Oct 05, 2020<br><b>15.46</b> cases per 100,000 people"
2020-10-06,64237,535,16.913765718737,15.9337157425112,"Oct 06, 2020<br><b>15.93</b> cases per 100,000 people"
2020-10-07,64657,420,13.2780964520926,16.2092136620954,"Oct 07, 2020<br><b>16.21</b> cases per 100,000 people"
2020-10-08,65160,503,15.902101227149,16.7376277045766,"Oct 08, 2020<br><b>16.74</b> cases per 100,000 people"
2020-10-09,65818,658,20.8023511082785,17.0763546548851,"Oct 09, 2020<br><b>17.08</b> cases per 100,000 people"
2020-10-10,66582,764,24.1534897366637,17.4466961205557,"Oct 10, 2020<br><b>17.45</b> cases per 100,000 people"
2020-10-11,67323,741,23.4263558833348,18.6570804229914,"Oct 11, 2020<br><b>18.66</b> cases per 100,000 people"
2020-10-12,68027,704,22.2566188149362,19.533254134456,"Oct 12, 2020<br><b>19.53</b> cases per 100,000 people"
2020-10-13,68689,662,20.928809169727,20.1068317703117,"Oct 13, 2020<br><b>20.11</b> cases per 100,000 people"
2020-10-14,68689,0,0,18.2099608485842,"Oct 14, 2020<br><b>18.21</b> cases per 100,000 people"
2020-10-15,70684,1995,63.07095814744,24.9483689800543,"Oct 15, 2020<br><b>24.95</b> cases per 100,000 people"
2020-10-16,70684,0,0,21.9766045360145,"Oct 16, 2020<br><b>21.98</b> cases per 100,000 people"
2020-10-17,72189,1505,47.5798456199986,25.3232268050624,"Oct 17, 2020<br><b>25.32</b> cases per 100,000 people"
2020-10-18,72189,0,0,21.9766045360145,"Oct 18, 2020<br><b>21.98</b> cases per 100,000 people"
2020-10-19,73670,1481,46.8210972513076,25.4858157412104,"Oct 19, 2020<br><b>25.49</b> cases per 100,000 people"
2020-10-20,73670,0,0,22.4959858598209,"Oct 20, 2020<br><b>22.5</b> cases per 100,000 people"
2020-10-21,73670,0,0,22.4959858598209,"Oct 21, 2020<br><b>22.5</b> cases per 100,000 people"
2020-10-22,75552,1882,59.4985179115198,21.9856372546894,"Oct 22, 2020<br><b>21.99</b> cases per 100,000 people"
2020-10-23,76811,1259,39.8026748409158,27.6717336605345,"Oct 23, 2020<br><b>27.67</b> cases per 100,000 people"
2020-10-24,76811,0,0,20.8746128576776,"Oct 24, 2020<br><b>20.87</b> cases per 100,000 people"
2020-10-25,78462,1651,52.1955648628689,28.3311221238017,"Oct 25, 2020<br><b>28.33</b> cases per 100,000 people"
2020-10-26,79497,1035,32.7210233997997,26.3168258593006,"Oct 26, 2020<br><b>26.32</b> cases per 100,000 people"
2020-10-27,80400,903,28.5479073719992,30.3950983410148,"Oct 27, 2020<br><b>30.4</b> cases per 100,000 people"
2020-10-28,81679,1279,40.4349651481583,36.1715219336088,"Oct 28, 2020<br><b>36.17</b> cases per 100,000 people"
2020-10-29,83157,1478,46.7262537052212,34.3469127612804,"Oct 29, 2020<br><b>34.35</b> cases per 100,000 people"
2020-10-30,84698,1541,48.7179681730351,35.6205260944403,"Oct 30, 2020<br><b>35.62</b> cases per 100,000 people"
2020-10-31,85695,997,31.5196718160389,40.1233363538745,"Oct 31, 2020<br><b>40.12</b> cases per 100,000 people"
2020-11-01,87259,1564,49.445102026364,39.7304130915166,"Nov 01, 2020<br><b>39.73</b> cases per 100,000 people"
2020-11-02,89232,1973,62.3754388094732,43.9667581500414,"Nov 02, 2020<br><b>43.97</b> cases per 100,000 people"
2020-11-03,89232,0,0,39.8884856683272,"Nov 03, 2020<br><b>39.89</b> cases per 100,000 people"
2020-11-04,91035,1803,57.0009711979119,42.2550579611492,"Nov 04, 2020<br><b>42.26</b> cases per 100,000 people"
2020-11-05,93040,2005,63.3871033010612,44.6351793319835,"Nov 05, 2020<br><b>44.64</b> cases per 100,000 people"
2020-11-06,95473,2433,76.9181158760509,48.6637718609857,"Nov 06, 2020<br><b>48.66</b> cases per 100,000 people"
2020-11-07,97751,2278,72.0178659949215,54.4492281722547,"Nov 07, 2020<br><b>54.45</b> cases per 100,000 people"
2020-11-08,101009,3258,103.000091049804,62.099940889889,"Nov 08, 2020<br><b>62.1</b> cases per 100,000 people"
2020-11-09,103300,2291,72.4288546946291,63.536143159197,"Nov 09, 2020<br><b>63.54</b> cases per 100,000 people"
2020-11-10,106081,2781,87.9199672220705,76.0961384766356,"Nov 10, 2020<br><b>76.1</b> cases per 100,000 people"
2020-11-11,111766,5685,179.728519833682,93.6286454246028,"Nov 11, 2020<br><b>93.63</b> cases per 100,000 people"
2020-11-12,111766,0,0,84.5733449530226,"Nov 12, 2020<br><b>84.57</b> cases per 100,000 people"
2020-11-13,114491,2725,86.1495543617915,85.892121879557,"Nov 13, 2020<br><b>85.89</b> cases per 100,000 people"
2020-11-14,122365,7874,248.932693961375,111.165668731907,"Nov 14, 2020<br><b>111.17</b> cases per 100,000 people"
2020-11-15,126077,3712,117.353081024209,113.216095871108,"Nov 15, 2020<br><b>113.22</b> cases per 100,000 people"
2020-11-16,128868,2791,88.2361123756917,115.474275539831,"Nov 16, 2020<br><b>115.47</b> cases per 100,000 people"
2020-11-17,131368,2500,79.0362884053133,114.205178566009,"Nov 17, 2020<br><b>114.21</b> cases per 100,000 people"
2020-11-18,131368,0,0,88.5296757326257,"Nov 18, 2020<br><b>88.53</b> cases per 100,000 people"
2020-11-19,134722,3354,106.035084524568,103.677544950421,"Nov 19, 2020<br><b>103.68</b> cases per 100,000 people"
2020-11-20,137781,3059,96.7088024927413,105.186008969128,"Nov 20, 2020<br><b>105.19</b> cases per 100,000 people"
2020-11-21,140868,3087,97.5940089228808,83.5661968207721,"Nov 21, 2020<br><b>83.57</b> cases per 100,000 people"
2020-11-22,144083,3215,101.640666889233,81.3215662300612,"Nov 22, 2020<br><b>81.32</b> cases per 100,000 people"
2020-11-23,147103,3020,95.4758363936184,82.3558125183364,"Nov 23, 2020<br><b>82.36</b> cases per 100,000 people"
2020-11-24,150391,3288,103.948526510668,85.9147036762442,"Nov 24, 2020<br><b>85.91</b> cases per 100,000 people"
2020-11-25,153387,2996,94.7170880249274,99.4457162512339,"Nov 25, 2020<br><b>99.45</b> cases per 100,000 people"
2020-11-26,155682,2295,72.5553127560776,94.6628917128781,"Nov 26, 2020<br><b>94.66</b> cases per 100,000 people"
2020-11-27,160284,4602,145.489999696501,101.631634170558,"Nov 27, 2020<br><b>101.63</b> cases per 100,000 people"
2020-11-28,160284,0,0,87.6896328958607,"Nov 28, 2020<br><b>87.69</b> cases per 100,000 people"
2020-11-29,165297,5013,158.483565510334,95.8100469845895,"Nov 29, 2020<br><b>95.81</b> cases per 100,000 people"
2020-11-30,168255,2958,93.5157364411667,95.5300327056678,"Nov 30, 2020<br><b>95.53</b> cases per 100,000 people"
2020-12-01,169892,1637,51.7529616477991,88.0735234395436,"Dec 01, 2020<br><b>88.07</b> cases per 100,000 people"
2020-12-02,172557,2665,84.2526834400639,86.5786084988489,"Dec 02, 2020<br><b>86.58</b> cases per 100,000 people"
2020-12-03,175558,3001,94.875160601738,89.7671581910861,"Dec 03, 2020<br><b>89.77</b> cases per 100,000 people"
2020-12-04,178323,2765,87.4141349762765,81.4706060881969,"Dec 04, 2020<br><b>81.47</b> cases per 100,000 people"
2020-12-05,181366,3043,96.2029702469473,95.2138875520465,"Dec 05, 2020<br><b>95.21</b> cases per 100,000 people"
2020-12-06,184379,3013,95.2545347860835,86.1811688771536,"Dec 06, 2020<br><b>86.18</b> cases per 100,000 people"
2020-12-07,187513,3134,99.0798911449007,86.9760481205442,"Dec 07, 2020<br><b>86.98</b> cases per 100,000 people"
2020-12-08,189204,1691,53.4601454773539,87.2199315247663,"Dec 08, 2020<br><b>87.22</b> cases per 100,000 people"
2020-12-09,191682,2478,78.3407690673465,86.3753723286638,"Dec 09, 2020<br><b>86.38</b> cases per 100,000 people"
2020-12-10,193297,1615,51.0574423098324,80.115698286963,"Dec 10, 2020<br><b>80.12</b> cases per 100,000 people"
2020-12-11,195200,1903,60.1624227341245,76.2225965380841,"Dec 11, 2020<br><b>76.22</b> cases per 100,000 people"
2020-12-12,197517,2317,73.2508320940443,72.943719659098,"Dec 12, 2020<br><b>72.94</b> cases per 100,000 people"
2020-12-13,199335,1818,57.4751889283438,67.5466702508494,"Dec 13, 2020<br><b>67.55</b> cases per 100,000 people"
2020-12-14,201018,1683,53.2072293544569,60.9934328522146,"Dec 14, 2020<br><b>60.99</b> cases per 100,000 people"
2020-12-15,202496,1478,46.7262537052212,60.0314483133385,"Dec 15, 2020<br><b>60.03</b> cases per 100,000 people"
2020-12-16,203651,1155,36.5147652432547,54.0563049098968,"Dec 16, 2020<br><b>54.06</b> cases per 100,000 people"
2020-12-17,205022,1371,43.3435005614738,52.9543132315599,"Dec 17, 2020<br><b>52.95</b> cases per 100,000 people"
2020-12-18,206278,1256,39.7078312948294,50.032228740232,"Dec 18, 2020<br><b>50.03</b> cases per 100,000 people"
2020-12-19,207679,1401,44.2919360223376,45.895243587131,"Dec 19, 2020<br><b>45.9</b> cases per 100,000 people"
2020-12-20,209150,1471,46.5049520976863,44.3280668970371,"Dec 20, 2020<br><b>44.33</b> cases per 100,000 people"
2020-12-21,210227,1077,34.048833045009,41.5911531385446,"Dec 21, 2020<br><b>41.59</b> cases per 100,000 people"
2020-12-22,211270,1043,32.9739395226967,39.6265368267553,"Dec 22, 2020<br><b>39.63</b> cases per 100,000 people"
2020-12-23,212081,811,25.6393719586836,38.0729092146738,"Dec 23, 2020<br><b>38.07</b> cases per 100,000 people"
2020-12-24,212966,885,27.9788460954809,35.8779585766748,"Dec 24, 2020<br><b>35.88</b> cases per 100,000 people"
2020-12-25,212966,0,0,30.205411248842,"Dec 25, 2020<br><b>30.21</b> cases per 100,000 people"
2020-12-26,214013,1047,33.1003975841452,28.606620043386,"Dec 26, 2020<br><b>28.61</b> cases per 100,000 people"
2020-12-27,215486,1473,46.5681811284106,28.6156527620608,"Dec 27, 2020<br><b>28.62</b> cases per 100,000 people"
2020-12-28,216051,565,17.8622011796008,26.3032767812883,"Dec 28, 2020<br><b>26.3</b> cases per 100,000 people"
2020-12-29,216469,418,13.2148674213684,23.4805521953842,"Dec 29, 2020<br><b>23.48</b> cases per 100,000 people"
2020-12-30,217494,1025,32.4048782461784,24.4470530935978,"Dec 30, 2020<br><b>24.45</b> cases per 100,000 people"
2020-12-31,218569,1075,33.9856040142847,25.3051613677126,"Dec 31, 2020<br><b>25.31</b> cases per 100,000 people"
2021-01-01,218569,0,0,25.3051613677126,"Jan 01, 2021<br><b>25.31</b> cases per 100,000 people"
2021-01-02,219890,1321,41.7627747933675,26.5426438261729,"Jan 02, 2021<br><b>26.54</b> cases per 100,000 people"
2021-01-03,221503,1613,50.9942132791081,27.1749341334154,"Jan 03, 2021<br><b>27.17</b> cases per 100,000 people"
2021-01-04,223187,1684,53.238843869819,32.228740232018,"Jan 04, 2021<br><b>32.23</b> cases per 100,000 people"
2021-01-05,224015,828,26.1768187198398,34.0804475603711,"Jan 05, 2021<br><b>34.08</b> cases per 100,000 people"
2021-01-06,225274,1259,39.8026748409158,35.1372756453336,"Jan 06, 2021<br><b>35.14</b> cases per 100,000 people"
2021-01-07,226283,1009,31.8990460003844,34.8391959290621,"Jan 07, 2021<br><b>34.84</b> cases per 100,000 people"
2021-01-08,227602,1319,41.6995457626433,40.796273895154,"Jan 08, 2021<br><b>40.8</b> cases per 100,000 people"
2021-01-09,228983,1381,43.659645715095,41.0672554554008,"Jan 09, 2021<br><b>41.07</b> cases per 100,000 people"
2021-01-10,230314,1331,42.0789199469888,39.7936421222409,"Jan 10, 2021<br><b>39.79</b> cases per 100,000 people"
2021-01-11,230900,586,18.5261060022054,34.8346795697246,"Jan 11, 2021<br><b>34.83</b> cases per 100,000 people"
2021-01-12,231500,600,18.9687092172752,33.8049496407868,"Jan 12, 2021<br><b>33.8</b> cases per 100,000 people"
2021-01-13,232229,729,23.0469816989893,31.4112791919402,"Jan 13, 2021<br><b>31.41</b> cases per 100,000 people"
2021-01-14,232932,703,22.2250042995741,30.0292732346816,"Jan 14, 2021<br><b>30.03</b> cases per 100,000 people"
2021-01-15,233769,837,26.4613493580989,27.8523880340324,"Jan 15, 2021<br><b>27.85</b> cases per 100,000 people"
2021-01-16,234610,841,26.5878074195474,25.4135539918113,"Jan 16, 2021<br><b>25.41</b> cases per 100,000 people"
2021-01-17,235227,617,19.5061559784313,22.1888734248745,"Jan 17, 2021<br><b>22.19</b> cases per 100,000 people"
2021-01-18,235709,482,15.2381964045444,21.7191720537801,"Jan 18, 2021<br><b>21.72</b> cases per 100,000 people"
2021-01-19,236254,545,17.2299108723583,21.4707722902205,"Jan 19, 2021<br><b>21.47</b> cases per 100,000 people"
2021-01-20,236835,581,18.3680334253948,20.8023511082785,"Jan 20, 2021<br><b>20.8</b> cases per 100,000 people"
2021-01-21,237392,557,17.6092850567038,20.1429626450113,"Jan 21, 2021<br><b>20.14</b> cases per 100,000 people"
2021-01-22,238184,792,25.0386961668032,19.9397264748262,"Jan 22, 2021<br><b>19.94</b> cases per 100,000 people"
2021-01-23,239025,841,26.5878074195474,19.9397264748262,"Jan 23, 2021<br><b>19.94</b> cases per 100,000 people"
2021-01-24,239653,628,19.8539156474147,19.9894064275381,"Jan 24, 2021<br><b>19.99</b> cases per 100,000 people"
2021-01-25,240109,456,14.4162190051291,19.8719810847645,"Jan 25, 2021<br><b>19.87</b> cases per 100,000 people"
2021-01-26,240516,407,12.867107752385,19.2487234961969,"Jan 26, 2021<br><b>19.25</b> cases per 100,000 people"
2021-01-27,240956,440,13.9103867593351,18.6119168296169,"Jan 27, 2021<br><b>18.61</b> cases per 100,000 people"
2021-01-28,241640,684,21.6243285076937,19.1854944654726,"Jan 28, 2021<br><b>19.19</b> cases per 100,000 people"
2021-01-29,242329,689,21.7824010845043,18.7203094537156,"Jan 29, 2021<br><b>18.72</b> cases per 100,000 people"
2021-01-30,242851,522,16.5027770190294,17.2795908250702,"Jan 30, 2021<br><b>17.28</b> cases per 100,000 people"
2021-01-31,243420,569,17.9886592410493,17.0131256241609,"Jan 31, 2021<br><b>17.01</b> cases per 100,000 people"
2021-02-01,243863,443,14.0052303054215,16.9544129527741,"Feb 01, 2021<br><b>16.95</b> cases per 100,000 people"
2021-02-02,244221,358,11.3179964996409,16.7331113452392,"Feb 02, 2021<br><b>16.73</b> cases per 100,000 people"
2021-02-03,244591,370,11.6973706839864,16.4169661916179,"Feb 03, 2021<br><b>16.42</b> cases per 100,000 people"
2021-02-04,245343,752,23.7741155523182,16.7240786265643,"Feb 04, 2021<br><b>16.72</b> cases per 100,000 people"
2021-02-05,245895,552,17.4512124798932,16.1053373973341,"Feb 05, 2021<br><b>16.11</b> cases per 100,000 people"
2021-02-06,246456,561,17.7357431181523,16.2814754114945,"Feb 06, 2021<br><b>16.28</b> cases per 100,000 people"
2021-02-07,246964,508,16.0601738039597,16.0059774919103,"Feb 07, 2021<br><b>16.01</b> cases per 100,000 people"
2021-02-08,247278,314,9.92695782370735,15.4233671373797,"Feb 08, 2021<br><b>15.42</b> cases per 100,000 people"
2021-02-09,247570,292,9.23143848574059,15.1252874211082,"Feb 09, 2021<br><b>15.13</b> cases per 100,000 people"
2021-02-10,247892,322,10.1798739466043,14.9085021729108,"Feb 10, 2021<br><b>14.91</b> cases per 100,000 people"
2021-02-11,248341,449,14.1949173975943,13.5400452936645,"Feb 11, 2021<br><b>13.54</b> cases per 100,000 people"
2021-02-12,248926,585,18.4944914868433,13.6890851518003,"Feb 12, 2021<br><b>13.69</b> cases per 100,000 people"
2021-02-13,249428,502,15.8704867117869,13.4226199508909,"Feb 13, 2021<br><b>13.42</b> cases per 100,000 people"
2021-02-14,249868,440,13.9103867593351,13.1155075159446,"Feb 14, 2021<br><b>13.12</b> cases per 100,000 people"
2021-02-15,250208,340,10.7489352231226,13.2329328587182,"Feb 15, 2021<br><b>13.23</b> cases per 100,000 people"
2021-02-16,250472,264,8.34623205560108,13.1064747972697,"Feb 16, 2021<br><b>13.11</b> cases per 100,000 people"
2021-02-17,250840,368,11.6341416532621,13.3142273267922,"Feb 17, 2021<br><b>13.31</b> cases per 100,000 people"
2021-02-18,251345,505,15.9653302578733,13.5671434496892,"Feb 18, 2021<br><b>13.57</b> cases per 100,000 people"
2021-02-19,251885,540,17.0718382955477,13.3639072795041,"Feb 19, 2021<br><b>13.36</b> cases per 100,000 people"
2021-02-20,252387,502,15.8704867117869,13.3639072795041,"Feb 20, 2021<br><b>13.36</b> cases per 100,000 people"
2021-02-21,252834,447,14.13168836687,13.3955217948662,"Feb 21, 2021<br><b>13.4</b> cases per 100,000 people"
2021-02-22,253134,300,9.48435460863759,13.2148674213684,"Feb 22, 2021<br><b>13.21</b> cases per 100,000 people"
2021-02-23,253431,297,9.38951106255122,13.3639072795041,"Feb 23, 2021<br><b>13.36</b> cases per 100,000 people"
2021-02-24,253854,423,13.372939998179,13.6123070430637,"Feb 24, 2021<br><b>13.61</b> cases per 100,000 people"
2021-02-25,254426,572,18.0835027871357,13.9149031186726,"Feb 25, 2021<br><b>13.91</b> cases per 100,000 people"
2021-02-26,255031,605,19.1267817940858,14.2084664756066,"Feb 26, 2021<br><b>14.21</b> cases per 100,000 people"
2021-02-27,255462,431,13.625856121076,13.8878049626479,"Feb 27, 2021<br><b>13.89</b> cases per 100,000 people"
2021-02-28,255901,439,13.878772243973,13.8516740879483,"Feb 28, 2021<br><b>13.85</b> cases per 100,000 people"
2021-03-01,256303,402,12.7090351755744,14.3123427403679,"Mar 01, 2021<br><b>14.31</b> cases per 100,000 people"
2021-03-02,256554,251,7.93524335589345,14.1045902108453,"Mar 02, 2021<br><b>14.1</b> cases per 100,000 people"
2021-03-03,256973,419,13.2464819367305,14.0865247734955,"Mar 03, 2021<br><b>14.09</b> cases per 100,000 people"
2021-03-04,257499,526,16.6292350804779,13.878772243973,"Mar 04, 2021<br><b>13.88</b> cases per 100,000 people"
2021-03-05,257927,428,13.5310125749896,13.079376641245,"Mar 05, 2021<br><b>13.08</b> cases per 100,000 people"
2021-03-06,258419,492,15.5543415581656,13.3548745608292,"Mar 06, 2021<br><b>13.35</b> cases per 100,000 people"
2021-03-07,258930,511,16.155017350046,13.6800524331254,"Mar 07, 2021<br><b>13.68</b> cases per 100,000 people"
2021-03-08,259187,257,8.1249304480662,13.0251803291956,"Mar 08, 2021<br><b>13.03</b> cases per 100,000 people"
2021-03-09,259985,798,25.228383258976,15.4956288867788,"Mar 09, 2021<br><b>15.5</b> cases per 100,000 people"
2021-03-10,260436,451,14.2581464283185,15.6401523855771,"Mar 10, 2021<br><b>15.64</b> cases per 100,000 people"
2021-03-11,261028,592,18.7157930943782,15.9382321018486,"Mar 11, 2021<br><b>15.94</b> cases per 100,000 people"
2021-03-12,261604,576,18.2099608485842,16.6066532837907,"Mar 12, 2021<br><b>16.61</b> cases per 100,000 people"
2021-03-13,262289,685,21.6559430230558,17.4783106359178,"Mar 13, 2021<br><b>17.48</b> cases per 100,000 people"
2021-03-14,262800,511,16.155017350046,17.4783106359178,"Mar 14, 2021<br><b>17.48</b> cases per 100,000 people"
2021-03-15,263253,453,14.3213754590428,18.3635170660574,"Mar 15, 2021<br><b>18.36</b> cases per 100,000 people"
2021-03-16,263642,389,12.2980464758667,16.5163260970417,"Mar 16, 2021<br><b>16.52</b> cases per 100,000 people"
2021-03-17,264199,557,17.6092850567038,16.9950601868111,"Mar 17, 2021<br><b>17</b> cases per 100,000 people"
2021-03-18,265041,842,26.6194219349095,18.1241500211727,"Mar 18, 2021<br><b>18.12</b> cases per 100,000 people"
2021-03-19,265775,734,23.2050542758,18.8377347964892,"Mar 19, 2021<br><b>18.84</b> cases per 100,000 people"
2021-03-20,266531,756,23.9005736137667,19.1583963094479,"Mar 20, 2021<br><b>19.16</b> cases per 100,000 people"
2021-03-21,267004,473,14.9536657662853,18.986774654625,"Mar 21, 2021<br><b>18.99</b> cases per 100,000 people"
2021-03-22,267684,680,21.4978704462452,20.0119882242253,"Mar 22, 2021<br><b>20.01</b> cases per 100,000 people"
2021-03-23,268160,476,15.0485093123716,20.4049114865832,"Mar 23, 2021<br><b>20.4</b> cases per 100,000 people"
2021-03-24,268876,716,22.6359929992817,21.1230126212372,"Mar 24, 2021<br><b>21.12</b> cases per 100,000 people"
2021-03-25,269922,1046,33.0687830687831,22.0443499260762,"Mar 25, 2021<br><b>22.04</b> cases per 100,000 people"
2021-03-26,270792,870,27.504628365049,22.658574795969,"Mar 26, 2021<br><b>22.66</b> cases per 100,000 people"
2021-03-27,271721,929,29.3698847714144,23.4399049613472,"Mar 27, 2021<br><b>23.44</b> cases per 100,000 people"
2021-03-28,272362,641,20.2649043471223,24.1986533300382,"Mar 28, 2021<br><b>24.2</b> cases per 100,000 people"
2021-03-29,273263,901,28.4846783412749,25.1967687436139,"Mar 29, 2021<br><b>25.2</b> cases per 100,000 people"
2021-03-30,274022,759,23.9954171598531,26.4748984361112,"Mar 30, 2021<br><b>26.47</b> cases per 100,000 people"
2021-03-31,274942,920,29.0853541331553,27.3962357409503,"Mar 31, 2021<br><b>27.4</b> cases per 100,000 people"
2021-04-01,276048,1106,34.9656539905106,27.6672173011971,"Apr 01, 2021<br><b>27.67</b> cases per 100,000 people"
2021-04-02,277576,1528,48.3069794733275,30.6389817452369,"Apr 02, 2021<br><b>30.64</b> cases per 100,000 people"
2021-04-03,278724,1148,36.2934636357199,31.6280644401376,"Apr 03, 2021<br><b>31.63</b> cases per 100,000 people"
2021-04-04,278724,0,0,28.7330781048345,"Apr 04, 2021<br><b>28.73</b> cases per 100,000 people"
2021-04-05,279478,754,23.8373445830425,28.0691732822298,"Apr 05, 2021<br><b>28.07</b> cases per 100,000 people"
2021-04-06,281277,1799,56.8745131364634,32.7661869931742,"Apr 06, 2021<br><b>32.77</b> cases per 100,000 people"
2021-04-07,282457,1180,37.3051281273079,33.9404404209102,"Apr 07, 2021<br><b>33.94</b> cases per 100,000 people"
2021-04-08,283911,1454,45.9675053365302,35.5121334703416,"Apr 08, 2021<br><b>35.51</b> cases per 100,000 people"
2021-04-09,285339,1428,45.1455279371149,35.060497536597,"Apr 09, 2021<br><b>35.06</b> cases per 100,000 people"
2021-04-10,286722,1383,43.7228747458193,36.1218419808969,"Apr 10, 2021<br><b>36.12</b> cases per 100,000 people"
2021-04-11,287720,998,31.5512863314011,40.6291685996685,"Apr 11, 2021<br><b>40.63</b> cases per 100,000 people"
2021-04-12,288951,1231,38.9174684107763,42.7834720036304,"Apr 12, 2021<br><b>42.78</b> cases per 100,000 people"
2021-04-13,289682,731,23.1102107297136,37.9600002312376,"Apr 13, 2021<br><b>37.96</b> cases per 100,000 people"
2021-04-14,290632,950,30.033789594019,36.9212375836249,"Apr 14, 2021<br><b>36.92</b> cases per 100,000 people"
2021-04-15,292191,1559,49.2870294495534,37.3954553140568,"Apr 15, 2021<br><b>37.4</b> cases per 100,000 people"
2021-04-16,293423,1232,38.9490829261384,36.5102488839173,"Apr 16, 2021<br><b>36.51</b> cases per 100,000 people"
2021-04-17,294838,1415,44.7345392374073,36.6547723827156,"Apr 17, 2021<br><b>36.65</b> cases per 100,000 people"
2021-04-18,295882,1044,33.0055540380588,36.8625249122381,"Apr 18, 2021<br><b>36.86</b> cases per 100,000 people"
2021-04-19,296653,771,24.3747913441986,34.7849996170127,"Apr 19, 2021<br><b>34.78</b> cases per 100,000 people"
2021-04-20,297368,715,22.6043784839196,34.7127378676136,"Apr 20, 2021<br><b>34.71</b> cases per 100,000 people"
2021-04-21,298239,871,27.5362428804111,34.3559454799553,"Apr 21, 2021<br><b>34.36</b> cases per 100,000 people"
2021-04-22,299371,1132,35.7876313899258,32.4274600428657,"Apr 22, 2021<br><b>32.43</b> cases per 100,000 people"
2021-04-23,300598,1227,38.7910103493277,32.4048782461784,"Apr 23, 2021<br><b>32.4</b> cases per 100,000 people"
2021-04-24,301784,1186,37.4948152194806,31.3706319579032,"Apr 24, 2021<br><b>31.37</b> cases per 100,000 people"
2021-04-25,302619,835,26.3981203273746,30.4267128563769,"Apr 25, 2021<br><b>30.43</b> cases per 100,000 people"
2021-04-26,303337,718,22.699222030006,30.1873458114922,"Apr 26, 2021<br><b>30.19</b> cases per 100,000 people"
2021-04-27,303909,572,18.0835027871357,29.5415064262374,"Apr 27, 2021<br><b>29.54</b> cases per 100,000 people"
2021-04-28,304779,870,27.504628365049,29.5369900668999,"Apr 28, 2021<br><b>29.54</b> cases per 100,000 people"
2021-04-29,305837,1058,33.4481572531286,29.2027794759289,"Apr 29, 2021<br><b>29.2</b> cases per 100,000 people"
2021-04-30,306766,929,29.3698847714144,27.8569043933698,"Apr 30, 2021<br><b>27.86</b> cases per 100,000 people"
2021-05-01,307760,994,31.4248282699526,26.9897634005801,"May 01, 2021<br><b>26.99</b> cases per 100,000 people"
2021-05-02,308732,972,30.7293089319858,27.6085046298103,"May 02, 2021<br><b>27.61</b> cases per 100,000 people"
2021-05-03,309392,660,20.8655801390027,27.3465557882384,"May 03, 2021<br><b>27.35</b> cases per 100,000 people"
2021-05-04,309971,579,18.3048043946706,27.3781703036005,"May 04, 2021<br><b>27.38</b> cases per 100,000 people"
2021-05-05,310642,671,21.2133398079861,26.4794147954487,"May 05, 2021<br><b>26.48</b> cases per 100,000 people"
2021-05-06,311542,900,28.4530638259128,25.7658300201321,"May 06, 2021<br><b>25.77</b> cases per 100,000 people"
2021-05-07,312385,843,26.6510364502716,25.3774231171117,"May 07, 2021<br><b>25.38</b> cases per 100,000 people"
2021-05-08,313141,756,23.9005736137667,24.3025295947995,"May 08, 2021<br><b>24.3</b> cases per 100,000 people"
2021-05-09,313562,421,13.3097109674548,21.8140155998665,"May 09, 2021<br><b>21.81</b> cases per 100,000 people"
2021-05-10,314309,747,23.6160429755076,22.2069388622243,"May 10, 2021<br><b>22.21</b> cases per 100,000 people"
2021-05-11,314621,312,9.86372879298309,21.0010709191261,"May 11, 2021<br><b>21</b> cases per 100,000 people"
2021-05-12,315083,462,14.6059060973019,20.0571518175998,"May 12, 2021<br><b>20.06</b> cases per 100,000 people"
2021-05-13,315602,519,16.407933472943,18.3364189100327,"May 13, 2021<br><b>18.34</b> cases per 100,000 people"
2021-05-14,316317,715,22.6043784839196,17.7583249148395,"May 14, 2021<br><b>17.76</b> cases per 100,000 people"
2021-05-15,316772,455,14.384604489767,16.3989007542681,"May 15, 2021<br><b>16.4</b> cases per 100,000 people"
2021-05-16,317198,426,13.4677835442654,16.4214825509554,"May 16, 2021<br><b>16.42</b> cases per 100,000 people"
2021-05-17,317507,309,9.76888524689672,14.4433171611538,"May 17, 2021<br><b>14.44</b> cases per 100,000 people"
2021-05-18,317772,265,8.37784657096321,14.2310482722938,"May 18, 2021<br><b>14.23</b> cases per 100,000 people"
2021-05-19,318094,322,10.1798739466043,13.5987579650513,"May 19, 2021<br><b>13.6</b> cases per 100,000 people"
2021-05-20,318576,482,15.2381964045444,13.4316526695658,"May 20, 2021<br><b>13.43</b> cases per 100,000 people"
2021-05-21,318902,326,10.3063320080529,11.6747888872991,"May 21, 2021<br><b>11.67</b> cases per 100,000 people"
2021-05-22,319222,320,10.1166449158801,11.0650803767439,"May 22, 2021<br><b>11.07</b> cases per 100,000 people"
2021-05-23,319438,216,6.82873531821907,10.1166449158801,"May 23, 2021<br><b>10.12</b> cases per 100,000 people"
2021-05-24,319721,283,8.94690784748146,9.99921957310649,"May 24, 2021<br><b>10</b> cases per 100,000 people"
2021-05-25,319857,136,4.29957408924904,9.41660921857589,"May 25, 2021<br><b>9.42</b> cases per 100,000 people"
2021-05-26,320099,242,7.65071271763432,9.05530047158018,"May 26, 2021<br><b>9.06</b> cases per 100,000 people"
2021-05-27,320372,273,8.63076269386021,8.11138137005386,"May 27, 2021<br><b>8.11</b> cases per 100,000 people"
2021-05-28,320576,204,6.44936113387356,7.56038553088539,"May 28, 2021<br><b>7.56</b> cases per 100,000 people"
2021-05-29,320753,177,5.59576921909618,6.91454614563055,"May 29, 2021<br><b>6.91</b> cases per 100,000 people"
2021-05-30,320911,158,4.9950934272158,6.65259730405865,"May 30, 2021<br><b>6.65</b> cases per 100,000 people"
2021-05-31,320911,0,0,5.3744676115613,"May 31, 2021<br><b>5.37</b> cases per 100,000 people"
2021-06-01,320976,65,2.05494349853814,5.0538060986026,"Jun 01, 2021<br><b>5.05</b> cases per 100,000 people"
2021-06-02,321068,92,2.90853541331553,4.37635219798563,"Jun 02, 2021<br><b>4.38</b> cases per 100,000 people"
2021-06-03,321195,127,4.01504345098991,3.71696373471845,"Jun 03, 2021<br><b>3.72</b> cases per 100,000 people"
2021-06-04,321331,136,4.29957408924904,3.40985129977209,"Jun 04, 2021<br><b>3.41</b> cases per 100,000 people"
2021-06-05,321486,155,4.90024988112942,3.31049139434826,"Jun 05, 2021<br><b>3.31</b> cases per 100,000 people"
2021-06-06,321634,148,4.67894827359455,3.2653278009738,"Jun 06, 2021<br><b>3.27</b> cases per 100,000 people"
2021-06-07,321745,111,3.50921120519591,3.76664368743036,"Jun 07, 2021<br><b>3.77</b> cases per 100,000 people"
2021-06-08,321812,67,2.1181725292624,3.77567640610525,"Jun 08, 2021<br><b>3.78</b> cases per 100,000 people"
2021-06-09,321914,102,3.22468056693678,3.82083999947972,"Jun 09, 2021<br><b>3.82</b> cases per 100,000 people"
2021-06-10,321992,78,2.46593219824577,3.59953839194484,"Jun 10, 2021<br><b>3.6</b> cases per 100,000 people"
2021-06-11,322073,81,2.56077574433215,3.35113862838528,"Jun 11, 2021<br><b>3.35</b> cases per 100,000 people"
2021-06-12,322165,92,2.90853541331553,3.06660799012615,"Jun 12, 2021<br><b>3.07</b> cases per 100,000 people"
2021-06-13,322252,87,2.7504628365049,2.79111007054192,"Jun 13, 2021<br><b>2.79</b> cases per 100,000 people"
2021-06-14,322312,60,1.89687092172752,2.56077574433215,"Jun 14, 2021<br><b>2.56</b> cases per 100,000 people"
2021-06-15,322369,57,1.80202737564114,2.51561215095768,"Jun 15, 2021<br><b>2.52</b> cases per 100,000 people"
2021-06-16,322414,45,1.42265319129564,2.25817966872324,"Jun 16, 2021<br><b>2.26</b> cases per 100,000 people"
2021-06-17,322521,107,3.38275314374741,2.38915408950918,"Jun 17, 2021<br><b>2.39</b> cases per 100,000 people"
2021-06-18,322593,72,2.27624510607302,2.34850685547217,"Jun 18, 2021<br><b>2.35</b> cases per 100,000 people"
2021-06-19,322670,77,2.43431768288365,2.28076146541047,"Jun 19, 2021<br><b>2.28</b> cases per 100,000 people"
2021-06-20,322747,77,2.43431768288365,2.235597872036,"Jun 20, 2021<br><b>2.24</b> cases per 100,000 people"
2021-06-21,322800,53,1.67556931419264,2.20398335667388,"Jun 21, 2021<br><b>2.2</b> cases per 100,000 people"
2021-06-22,322839,39,1.23296609912289,2.12268888859984,"Jun 22, 2021<br><b>2.12</b> cases per 100,000 people"
2021-06-23,322880,41,1.29619512984714,2.10462345125006,"Jun 23, 2021<br><b>2.1</b> cases per 100,000 people"
2021-06-24,322938,58,1.83364189100327,1.88332184371518,"Jun 24, 2021<br><b>1.88</b> cases per 100,000 people"
2021-06-25,322995,57,1.80202737564114,1.81557645365348,"Jun 25, 2021<br><b>1.82</b> cases per 100,000 people"
2021-06-26,323034,39,1.23296609912289,1.64395479883052,"Jun 26, 2021<br><b>1.64</b> cases per 100,000 people"
2021-06-27,323089,55,1.73879834491689,1.54459489340669,"Jun 27, 2021<br><b>1.54</b> cases per 100,000 people"
2021-06-28,323137,48,1.51749673738201,1.52201309671946,"Jun 28, 2021<br><b>1.52</b> cases per 100,000 people"
2021-06-29,323199,62,1.96009995245177,1.62588936148073,"Jun 29, 2021<br><b>1.63</b> cases per 100,000 people"
2021-06-30,323245,46,1.45426770665776,1.64847115816796,"Jun 30, 2021<br><b>1.65</b> cases per 100,000 people"
2021-07-01,323286,41,1.29619512984714,1.57169304943137,"Jul 01, 2021<br><b>1.57</b> cases per 100,000 people"
2021-07-02,323339,53,1.67556931419264,1.55362761208159,"Jul 02, 2021<br><b>1.55</b> cases per 100,000 people"
2021-07-03,323412,73,2.30785962143515,1.70718382955477,"Jul 03, 2021<br><b>1.71</b> cases per 100,000 people"
2021-07-04,323412,0,0,1.45878406599521,"Jul 04, 2021<br><b>1.46</b> cases per 100,000 people"
2021-07-05,323412,0,0,1.24199881779778,"Jul 05, 2021<br><b>1.24</b> cases per 100,000 people"
2021-07-06,323494,82,2.59239025969427,1.33232600454671,"Jul 06, 2021<br><b>1.33</b> cases per 100,000 people"
2021-07-07,323629,135,4.26795957388692,1.73428198557945,"Jul 07, 2021<br><b>1.73</b> cases per 100,000 people"
2021-07-08,323705,76,2.40270316752152,1.89235456239007,"Jul 08, 2021<br><b>1.89</b> cases per 100,000 people"
2021-07-09,323794,89,2.81369186722915,2.05494349853814,"Jul 09, 2021<br><b>2.05</b> cases per 100,000 people"
2021-07-10,323794,0,0,1.72524926690455,"Jul 10, 2021<br><b>1.73</b> cases per 100,000 people"
2021-07-11,323794,0,0,1.72524926690455,"Jul 11, 2021<br><b>1.73</b> cases per 100,000 people"
2021-07-12,323923,129,4.07827248171416,2.30785962143515,"Jul 12, 2021<br><b>2.31</b> cases per 100,000 people"
2021-07-13,324167,244,7.71394174835857,3.03950983410148,"Jul 13, 2021<br><b>3.04</b> cases per 100,000 people"
2021-07-14,324317,150,4.7421773043188,3.10725522416317,"Jul 14, 2021<br><b>3.11</b> cases per 100,000 people"
2021-07-15,324425,108,3.41436765910953,3.25177872296146,"Jul 15, 2021<br><b>3.25</b> cases per 100,000 people"
2021-07-16,324578,153,4.83702085040517,3.54082572055803,"Jul 16, 2021<br><b>3.54</b> cases per 100,000 people"
2021-07-17,324578,0,0,3.54082572055803,"Jul 17, 2021<br><b>3.54</b> cases per 100,000 people"
2021-07-18,324578,0,0,3.54082572055803,"Jul 18, 2021<br><b>3.54</b> cases per 100,000 people"
2021-07-19,324751,173,5.46931115764768,3.73954553140568,"Jul 19, 2021<br><b>3.74</b> cases per 100,000 people"
2021-07-20,325145,394,12.4561190526774,4.41699943202265,"Jul 20, 2021<br><b>4.42</b> cases per 100,000 people"
2021-07-21,325317,172,5.43769664228555,4.51635933744647,"Jul 21, 2021<br><b>4.52</b> cases per 100,000 people"
2021-07-22,325529,212,6.70227725677056,4.98606070854091,"Jul 22, 2021<br><b>4.99</b> cases per 100,000 people"
2021-07-23,325749,220,6.95519337966757,5.28865678414982,"Jul 23, 2021<br><b>5.29</b> cases per 100,000 people"
2021-07-24,325749,0,0,5.28865678414982,"Jul 24, 2021<br><b>5.29</b> cases per 100,000 people"
2021-07-25,325749,0,0,5.28865678414982,"Jul 25, 2021<br><b>5.29</b> cases per 100,000 people"
2021-07-26,326010,261,8.2513885095147,5.68609640584511,"Jul 26, 2021<br><b>5.69</b> cases per 100,000 people"
2021-07-27,326656,646,20.4229769239329,6.82421895888162,"Jul 27, 2021<br><b>6.82</b> cases per 100,000 people"
2021-07-28,327043,387,12.2348174451425,7.79523621643261,"Jul 28, 2021<br><b>7.8</b> cases per 100,000 people"
2021-07-29,327351,308,9.73727073153459,8.22880671282747,"Jul 29, 2021<br><b>8.23</b> cases per 100,000 people"
2021-07-30,327754,403,12.7406496909365,9.05530047158018,"Jul 30, 2021<br><b>9.06</b> cases per 100,000 people"
2021-07-31,327754,0,0,9.05530047158018,"Jul 31, 2021<br><b>9.06</b> cases per 100,000 people"
2021-08-01,327754,0,0,9.05530047158018,"Aug 01, 2021<br><b>9.06</b> cases per 100,000 people"
2021-08-02,328121,367,11.6025271379,9.5340345613495,"Aug 02, 2021<br><b>9.53</b> cases per 100,000 people"
2021-08-03,329091,970,30.6660799012615,10.9973349866822,"Aug 03, 2021<br><b>11</b> cases per 100,000 people"
2021-08-04,329671,580,18.3364189100327,11.8689923388093,"Aug 04, 2021<br><b>11.87</b> cases per 100,000 people"
2021-08-05,330155,484,15.3014254352686,12.6638715821999,"Aug 05, 2021<br><b>12.66</b> cases per 100,000 people"
2021-08-06,330692,537,16.9769947494613,13.2690637334177,"Aug 06, 2021<br><b>13.27</b> cases per 100,000 people"
2021-08-07,330692,0,0,13.2690637334177,"Aug 07, 2021<br><b>13.27</b> cases per 100,000 people"
2021-08-08,330692,0,0,13.2690637334177,"Aug 08, 2021<br><b>13.27</b> cases per 100,000 people"
2021-08-09,331295,603,19.0635527633616,14.3349245370551,"Aug 09, 2021<br><b>14.33</b> cases per 100,000 people"
2021-08-10,332165,870,27.504628365049,13.8832886033105,"Aug 10, 2021<br><b>13.88</b> cases per 100,000 people"
2021-08-11,333131,966,30.539621839813,15.6266033075648,"Aug 11, 2021<br><b>15.63</b> cases per 100,000 people"
2021-08-12,333846,715,22.6043784839196,16.6698823145149,"Aug 12, 2021<br><b>16.67</b> cases per 100,000 people"
2021-08-13,334511,665,21.0236527158133,17.2479763097081,"Aug 13, 2021<br><b>17.25</b> cases per 100,000 people"
2021-08-14,334511,0,0,17.2479763097081,"Aug 14, 2021<br><b>17.25</b> cases per 100,000 people"
2021-08-15,334511,0,0,17.2479763097081,"Aug 15, 2021<br><b>17.25</b> cases per 100,000 people"
2021-08-16,335308,797,25.1967687436139,18.1241500211727,"Aug 16, 2021<br><b>18.12</b> cases per 100,000 people"
2021-08-17,336885,1577,49.8560907260716,21.3172160727473,"Aug 17, 2021<br><b>21.32</b> cases per 100,000 people"
2021-08-18,337549,664,20.9920382004512,19.9532755528385,"Aug 18, 2021<br><b>19.95</b> cases per 100,000 people"
2021-08-19,338132,583,18.4312624561191,19.3571161202956,"Aug 19, 2021<br><b>19.36</b> cases per 100,000 people"
2021-08-20,338938,806,25.481299381873,19.9939227868755,"Aug 20, 2021<br><b>19.99</b> cases per 100,000 people"
2021-08-21,338938,0,0,19.9939227868755,"Aug 21, 2021<br><b>19.99</b> cases per 100,000 people"
2021-08-22,338938,0,0,19.9939227868755,"Aug 22, 2021<br><b>19.99</b> cases per 100,000 people"
2021-08-23,339815,877,27.7259299725839,20.3552315338713,"Aug 23, 2021<br><b>20.36</b> cases per 100,000 people"
2021-08-24,341661,1846,58.3603953584833,21.5701321956444,"Aug 24, 2021<br><b>21.57</b> cases per 100,000 people"
2021-08-25,342422,761,24.0586461905774,22.0082190513767,"Aug 25, 2021<br><b>22.01</b> cases per 100,000 people"
2021-08-26,343331,909,28.7375944641719,23.4805521953842,"Aug 26, 2021<br><b>23.48</b> cases per 100,000 people"
2021-08-27,344208,877,27.7259299725839,23.8012137083429,"Aug 27, 2021<br><b>23.8</b> cases per 100,000 people"
2021-08-28,344208,0,0,23.8012137083429,"Aug 28, 2021<br><b>23.8</b> cases per 100,000 people"
2021-08-29,344208,0,0,23.8012137083429,"Aug 29, 2021<br><b>23.8</b> cases per 100,000 people"
2021-08-30,345116,908,28.7059799488098,23.9412208478037,"Aug 30, 2021<br><b>23.94</b> cases per 100,000 people"
2021-08-31,346997,1881,59.4669033961577,24.0992934246144,"Aug 31, 2021<br><b>24.1</b> cases per 100,000 people"
2021-09-01,347673,676,21.3714123847967,23.7154028809314,"Sep 01, 2021<br><b>23.72</b> cases per 100,000 people"
2021-09-02,348558,885,27.9788460954809,23.6070102568327,"Sep 02, 2021<br><b>23.61</b> cases per 100,000 people"
2021-09-03,349539,981,31.0138395702449,24.0767116279271,"Sep 03, 2021<br><b>24.08</b> cases per 100,000 people"
2021-09-04,349539,0,0,24.0767116279271,"Sep 04, 2021<br><b>24.08</b> cases per 100,000 people"
2021-09-05,349539,0,0,24.0767116279271,"Sep 05, 2021<br><b>24.08</b> cases per 100,000 people"
2021-09-06,349539,0,0,19.9758573495257,"Sep 06, 2021<br><b>19.98</b> cases per 100,000 people"
2021-09-07,350539,1000,31.6145153621253,15.9969447732354,"Sep 07, 2021<br><b>16</b> cases per 100,000 people"
2021-09-08,353256,2717,85.8966382388945,25.2148341809637,"Sep 08, 2021<br><b>25.21</b> cases per 100,000 people"
2021-09-09,353857,601,19.0003237326373,23.9321881291289,"Sep 09, 2021<br><b>23.93</b> cases per 100,000 people"
2021-09-10,354735,878,27.757544487946,23.4670031173719,"Sep 10, 2021<br><b>23.47</b> cases per 100,000 people"
2021-09-11,354735,0,0,23.4670031173719,"Sep 11, 2021<br><b>23.47</b> cases per 100,000 people"
2021-09-12,354735,0,0,23.4670031173719,"Sep 12, 2021<br><b>23.47</b> cases per 100,000 people"
2021-09-13,355897,1162,36.7360668507896,28.7150126674847,"Sep 13, 2021<br><b>28.72</b> cases per 100,000 people"
2021-09-14,358111,2214,69.9945370117454,34.1978729031447,"Sep 14, 2021<br><b>34.2</b> cases per 100,000 people"
2021-09-15,359286,1175,37.1470555504972,27.2336468048022,"Sep 15, 2021<br><b>27.23</b> cases per 100,000 people"
2021-09-16,360260,974,30.79253796271,28.9182488376698,"Sep 16, 2021<br><b>28.92</b> cases per 100,000 people"
2021-09-17,361396,1136,35.9140894513743,30.0834695467309,"Sep 17, 2021<br><b>30.08</b> cases per 100,000 people"
2021-09-18,361396,0,0,30.0834695467309,"Sep 18, 2021<br><b>30.08</b> cases per 100,000 people"
2021-09-19,361396,0,0,30.0834695467309,"Sep 19, 2021<br><b>30.08</b> cases per 100,000 people"
2021-09-20,362513,1117,35.313413659494,29.8802333765459,"Sep 20, 2021<br><b>29.88</b> cases per 100,000 people"
2021-09-21,365156,2643,83.5571641020972,31.8177515323104,"Sep 21, 2021<br><b>31.82</b> cases per 100,000 people"
2021-09-22,365894,738,23.3315123372485,29.8441025018463,"Sep 22, 2021<br><b>29.84</b> cases per 100,000 people"
2021-09-23,366809,915,28.9272815563447,29.5776373009369,"Sep 23, 2021<br><b>29.58</b> cases per 100,000 people"
2021-09-24,367901,1092,34.5230507754408,29.3789174900893,"Sep 24, 2021<br><b>29.38</b> cases per 100,000 people"
2021-09-25,367901,0,0,29.3789174900893,"Sep 25, 2021<br><b>29.38</b> cases per 100,000 people"
2021-09-26,367901,0,0,29.3789174900893,"Sep 26, 2021<br><b>29.38</b> cases per 100,000 people"
2021-09-27,368975,1074,33.9539894989226,29.1847140385791,"Sep 27, 2021<br><b>29.18</b> cases per 100,000 people"
2021-09-28,371562,2587,81.7867512418182,28.9317979156821,"Sep 28, 2021<br><b>28.93</b> cases per 100,000 people"
2021-09-29,372360,798,25.228383258976,29.2027794759289,"Sep 29, 2021<br><b>29.2</b> cases per 100,000 people"
2021-09-30,373412,1052,33.2584701609558,29.8215207051591,"Sep 30, 2021<br><b>29.82</b> cases per 100,000 people"
2021-10-01,374850,1438,45.4616730907362,31.3841810359155,"Oct 01, 2021<br><b>31.38</b> cases per 100,000 people"
2021-10-02,374850,0,0,31.3841810359155,"Oct 02, 2021<br><b>31.38</b> cases per 100,000 people"
2021-10-03,374850,0,0,31.3841810359155,"Oct 03, 2021<br><b>31.38</b> cases per 100,000 people"
2021-10-04,376073,1223,38.6645522878792,32.0571185771951,"Oct 04, 2021<br><b>32.06</b> cases per 100,000 people"
2021-10-05,378973,2900,91.6820945501634,33.4707390498158,"Oct 05, 2021<br><b>33.47</b> cases per 100,000 people"
2021-10-06,380671,1698,53.6814470848888,37.5354624535176,"Oct 06, 2021<br><b>37.54</b> cases per 100,000 people"
2021-10-07,381608,937,29.6228008943114,37.0160811297113,"Oct 07, 2021<br><b>37.02</b> cases per 100,000 people"
2021-10-08,383055,1447,45.7462037289953,37.0567283637483,"Oct 08, 2021<br><b>37.06</b> cases per 100,000 people"
2021-10-09,383055,0,0,37.0567283637483,"Oct 09, 2021<br><b>37.06</b> cases per 100,000 people"
2021-10-10,383055,0,0,37.0567283637483,"Oct 10, 2021<br><b>37.06</b> cases per 100,000 people"
2021-10-11,384293,1238,39.1387700183111,37.12447375381,"Oct 11, 2021<br><b>37.12</b> cases per 100,000 people"
2021-10-12,387482,3189,100.818689489818,38.429701602332,"Oct 12, 2021<br><b>38.43</b> cases per 100,000 people"
2021-10-13,388501,1019,32.2151911540057,35.3630936122059,"Oct 13, 2021<br><b>35.36</b> cases per 100,000 people"
2021-10-14,389666,1165,36.830910396876,36.3928235411437,"Oct 14, 2021<br><b>36.39</b> cases per 100,000 people"
2021-10-15,390941,1275,40.3085070867098,35.6160097351029,"Oct 15, 2021<br><b>35.62</b> cases per 100,000 people"
2021-10-16,390941,0,0,35.6160097351029,"Oct 16, 2021<br><b>35.62</b> cases per 100,000 people"
2021-10-17,390941,0,0,35.6160097351029,"Oct 17, 2021<br><b>35.62</b> cases per 100,000 people"
2021-10-18,392100,1159,36.6412233047032,35.2592173474446,"Oct 18, 2021<br><b>35.26</b> cases per 100,000 people"
2021-10-19,394535,2435,76.9813449067751,31.85388240701,"Oct 19, 2021<br><b>31.85</b> cases per 100,000 people"
2021-10-20,395245,710,22.446305907109,30.458327371739,"Oct 20, 2021<br><b>30.46</b> cases per 100,000 people"
2021-10-21,396292,1047,33.1003975841452,29.9253969699203,"Oct 21, 2021<br><b>29.93</b> cases per 100,000 people"
2021-10-22,397323,1031,32.5945653383512,28.8234052915834,"Oct 22, 2021<br><b>28.82</b> cases per 100,000 people"
2021-10-23,397323,0,0,28.8234052915834,"Oct 23, 2021<br><b>28.82</b> cases per 100,000 people"
2021-10-24,397323,0,0,28.8234052915834,"Oct 24, 2021<br><b>28.82</b> cases per 100,000 people"
2021-10-25,398378,1055,33.3533137070422,28.353703920489,"Oct 25, 2021<br><b>28.35</b> cases per 100,000 people"
2021-10-26,401158,2780,87.8883527067083,29.911847891908,"Oct 26, 2021<br><b>29.91</b> cases per 100,000 people"
2021-10-27,401980,822,25.987131627667,30.417680137702,"Oct 27, 2021<br><b>30.42</b> cases per 100,000 people"
2021-10-28,402964,984,31.1086831163313,30.1331494994429,"Oct 28, 2021<br><b>30.13</b> cases per 100,000 people"
2021-10-29,404394,1430,45.2087569678392,31.935176875084,"Oct 29, 2021<br><b>31.94</b> cases per 100,000 people"
2021-10-30,404394,0,0,31.935176875084,"Oct 30, 2021<br><b>31.94</b> cases per 100,000 people"
2021-10-31,404394,0,0,31.935176875084,"Oct 31, 2021<br><b>31.94</b> cases per 100,000 people"
2021-11-01,409674,5280,166.924641112022,51.0167950757954,"Nov 01, 2021<br><b>51.02</b> cases per 100,000 people"
2021-11-02,412912,3238,102.367800742562,53.0852876523458,"Nov 02, 2021<br><b>53.09</b> cases per 100,000 people"
2021-11-03,414227,1315,41.5730877011948,55.3118528057069,"Nov 03, 2021<br><b>55.31</b> cases per 100,000 people"
2021-11-04,415738,1511,47.7695327121713,57.6919741765412,"Nov 04, 2021<br><b>57.69</b> cases per 100,000 people"
2021-11-05,417109,1371,43.3435005614738,57.4255089756319,"Nov 05, 2021<br><b>57.43</b> cases per 100,000 people"
2021-11-06,417109,0,0,57.4255089756319,"Nov 06, 2021<br><b>57.43</b> cases per 100,000 people"
2021-11-07,417109,0,0,57.4255089756319,"Nov 07, 2021<br><b>57.43</b> cases per 100,000 people"
2021-11-08,419226,2117,66.9279290216193,43.1402643912887,"Nov 08, 2021<br><b>43.14</b> cases per 100,000 people"
2021-11-09,422717,3491,110.366273129179,44.2829033036627,"Nov 09, 2021<br><b>44.28</b> cases per 100,000 people"
2021-11-10,425300,2583,81.6602931803697,50.0096469435448,"Nov 10, 2021<br><b>50.01</b> cases per 100,000 people"
2021-11-11,427682,2382,75.3057755925825,53.9433959264607,"Nov 11, 2021<br><b>53.94</b> cases per 100,000 people"
2021-11-12,429985,2303,72.8082288789746,58.1526428289608,"Nov 12, 2021<br><b>58.15</b> cases per 100,000 people"
2021-11-13,429985,0,0,58.1526428289608,"Nov 13, 2021<br><b>58.15</b> cases per 100,000 people"
2021-11-14,429985,0,0,58.1526428289608,"Nov 14, 2021<br><b>58.15</b> cases per 100,000 people"
2021-11-15,432607,2622,82.8932592794926,60.4334042943712,"Nov 15, 2021<br><b>60.43</b> cases per 100,000 people"
2021-11-16,438027,5420,171.350673262719,69.1454614563055,"Nov 16, 2021<br><b>69.15</b> cases per 100,000 people"
2021-11-17,439812,1785,56.4319099213937,65.5414067050232,"Nov 17, 2021<br><b>65.54</b> cases per 100,000 people"
2021-11-18,442150,2338,73.914736916649,65.3426868941756,"Nov 18, 2021<br><b>65.34</b> cases per 100,000 people"
2021-11-19,444608,2458,77.708478760104,66.0427225914798,"Nov 19, 2021<br><b>66.04</b> cases per 100,000 people"
2021-11-20,444608,0,0,66.0427225914798,"Nov 20, 2021<br><b>66.04</b> cases per 100,000 people"
2021-11-21,444608,0,0,66.0427225914798,"Nov 21, 2021<br><b>66.04</b> cases per 100,000 people"
2021-11-22,446982,2374,75.0528594696855,64.922665475793,"Nov 22, 2021<br><b>64.92</b> cases per 100,000 people"
2021-11-23,452687,5705,180.360810140925,66.2098278869653,"Nov 23, 2021<br><b>66.21</b> cases per 100,000 people"
2021-11-24,454783,2096,66.2640241990146,67.6144156409111,"Nov 24, 2021<br><b>67.61</b> cases per 100,000 people"
2021-11-25,454783,0,0,57.0551675099613,"Nov 25, 2021<br><b>57.06</b> cases per 100,000 people"
2021-11-26,456769,1986,62.7864275091809,54.9234459026865,"Nov 26, 2021<br><b>54.92</b> cases per 100,000 people"
2021-11-27,456769,0,0,54.9234459026865,"Nov 27, 2021<br><b>54.92</b> cases per 100,000 people"
2021-11-28,456769,0,0,54.9234459026865,"Nov 28, 2021<br><b>54.92</b> cases per 100,000 people"
2021-11-29,458982,2213,69.9629224963833,54.1963120493577,"Nov 29, 2021<br><b>54.2</b> cases per 100,000 people"
2021-11-30,465735,6753,213.492822240432,58.9294566350016,"Nov 30, 2021<br><b>58.93</b> cases per 100,000 people"
2021-12-01,467694,1959,61.9328355944035,58.3107154057714,"Dec 01, 2021<br><b>58.31</b> cases per 100,000 people"
2021-12-02,470592,2898,91.6188655194391,71.3991247656913,"Dec 02, 2021<br><b>71.4</b> cases per 100,000 people"
2021-12-03,473636,3044,96.2345847623094,76.1774329447097,"Dec 03, 2021<br><b>76.18</b> cases per 100,000 people"
2021-12-04,473636,0,0,76.1774329447097,"Dec 04, 2021<br><b>76.18</b> cases per 100,000 people"
2021-12-05,473636,0,0,76.1774329447097,"Dec 05, 2021<br><b>76.18</b> cases per 100,000 people"
2021-12-06,476843,3207,101.387750766336,80.6666941261314,"Dec 06, 2021<br><b>80.67</b> cases per 100,000 people"
2021-12-07,483799,6956,219.910568858944,81.5835150716331,"Dec 07, 2021<br><b>81.58</b> cases per 100,000 people"
2021-12-08,485475,1676,52.985927746922,80.3053853791357,"Dec 08, 2021<br><b>80.31</b> cases per 100,000 people"
2021-12-09,487464,1989,62.8812710552672,76.2000147413969,"Dec 09, 2021<br><b>76.2</b> cases per 100,000 people"
2021-12-10,489953,2489,78.6885287363299,73.6934353091141,"Dec 10, 2021<br><b>73.69</b> cases per 100,000 people"
2021-12-11,489953,0,0,73.6934353091141,"Dec 11, 2021<br><b>73.69</b> cases per 100,000 people"
2021-12-12,489953,0,0,73.6934353091141,"Dec 12, 2021<br><b>73.69</b> cases per 100,000 people"
2021-12-13,491742,1789,56.5583679828422,67.289237768615,"Dec 13, 2021<br><b>67.29</b> cases per 100,000 people"
2021-12-14,496794,5052,159.716531609457,58.6900895901169,"Dec 14, 2021<br><b>58.69</b> cases per 100,000 people"
2021-12-15,497838,1044,33.0055540380588,55.8357504888507,"Dec 15, 2021<br><b>55.84</b> cases per 100,000 people"
2021-12-16,499929,2091,66.105951622204,56.2964191412703,"Dec 16, 2021<br><b>56.3</b> cases per 100,000 people"
2021-12-17,501856,1927,60.9211711028155,53.7582251936254,"Dec 17, 2021<br><b>53.76</b> cases per 100,000 people"
2021-12-18,501856,0,0,53.7582251936254,"Dec 18, 2021<br><b>53.76</b> cases per 100,000 people"
2021-12-19,501856,0,0,53.7582251936254,"Dec 19, 2021<br><b>53.76</b> cases per 100,000 people"
2021-12-20,503704,1848,58.4236243892076,54.0246903945347,"Dec 20, 2021<br><b>54.02</b> cases per 100,000 people"
2021-12-21,508019,4315,136.416633787571,50.6961335628366,"Dec 21, 2021<br><b>50.7</b> cases per 100,000 people"
2021-12-22,509806,1787,56.4951389521179,54.0517885505594,"Dec 22, 2021<br><b>54.05</b> cases per 100,000 people"
2021-12-23,511836,2030,64.1774661851144,53.7762906309751,"Dec 23, 2021<br><b>53.78</b> cases per 100,000 people"
2021-12-24,511836,0,0,45.0732661877158,"Dec 24, 2021<br><b>45.07</b> cases per 100,000 people"
2021-12-25,511836,0,0,45.0732661877158,"Dec 25, 2021<br><b>45.07</b> cases per 100,000 people"
2021-12-26,511836,0,0,45.0732661877158,"Dec 26, 2021<br><b>45.07</b> cases per 100,000 people"
2021-12-27,514584,2748,86.8766882151203,49.1379895914176,"Dec 27, 2021<br><b>49.14</b> cases per 100,000 people"
2021-12-28,520889,6305,199.3295193582,58.1255446729361,"Dec 28, 2021<br><b>58.13</b> cases per 100,000 people"
2021-12-29,524850,3961,125.225095349378,67.9441098725447,"Dec 29, 2021<br><b>67.94</b> cases per 100,000 people"
2021-12-30,529756,4906,155.100812366587,80.9331593270408,"Dec 30, 2021<br><b>80.93</b> cases per 100,000 people"
2021-12-31,529756,0,0,80.9331593270408,"Dec 31, 2021<br><b>80.93</b> cases per 100,000 people"
2022-01-01,529756,0,0,80.9331593270408,"Jan 01, 2022<br><b>80.93</b> cases per 100,000 people"
2022-01-02,529756,0,0,80.9331593270408,"Jan 02, 2022<br><b>80.93</b> cases per 100,000 people"
2022-01-03,535150,5394,170.528695863304,92.8834461339242,"Jan 03, 2022<br><b>92.88</b> cases per 100,000 people"
2022-01-04,547733,12583,397.805446801623,121.237150054413,"Jan 04, 2022<br><b>121.24</b> cases per 100,000 people"
2022-01-05,550538,2805,88.6787155907615,116.016238660325,"Jan 05, 2022<br><b>116.02</b> cases per 100,000 people"
2022-01-06,555334,4796,151.623215676753,115.519439133206,"Jan 06, 2022<br><b>115.52</b> cases per 100,000 people"
2022-01-07,560039,4705,148.7462947788,136.768909815892,"Jan 07, 2022<br><b>136.77</b> cases per 100,000 people"
2022-01-08,560039,0,0,136.768909815892,"Jan 08, 2022<br><b>136.77</b> cases per 100,000 people"
2022-01-09,560039,0,0,136.768909815892,"Jan 09, 2022<br><b>136.77</b> cases per 100,000 people"
2022-01-10,567624,7585,239.79609902172,146.664253124237,"Jan 10, 2022<br><b>146.66</b> cases per 100,000 people"
2022-01-11,584187,16563,523.631217942881,164.639363287274,"Jan 11, 2022<br><b>164.64</b> cases per 100,000 people"
2022-01-12,589311,5124,161.99277671553,175.112800590812,"Jan 12, 2022<br><b>175.11</b> cases per 100,000 people"
2022-01-13,598833,9522,301.033415278157,196.457114819584,"Jan 13, 2022<br><b>196.46</b> cases per 100,000 people"
2022-01-14,605866,7033,222.344886541827,206.971199357159,"Jan 14, 2022<br><b>206.97</b> cases per 100,000 people"
2022-01-15,605866,0,0,206.971199357159,"Jan 15, 2022<br><b>206.97</b> cases per 100,000 people"
2022-01-16,605866,0,0,206.971199357159,"Jan 16, 2022<br><b>206.97</b> cases per 100,000 people"
2022-01-17,605866,0,0,172.714613782628,"Jan 17, 2022<br><b>172.71</b> cases per 100,000 people"
2022-01-18,612268,6402,202.396127348326,126.823886554834,"Jan 18, 2022<br><b>126.82</b> cases per 100,000 people"
2022-01-19,631201,18933,598.557619351118,189.190292645633,"Jan 19, 2022<br><b>189.19</b> cases per 100,000 people"
2022-01-20,638326,7125,225.253421955143,178.364579313774,"Jan 20, 2022<br><b>178.36</b> cases per 100,000 people"
2022-01-21,652141,13815,436.754529727761,208.994528340336,"Jan 21, 2022<br><b>208.99</b> cases per 100,000 people"
2022-01-22,652141,0,0,208.994528340336,"Jan 22, 2022<br><b>208.99</b> cases per 100,000 people"
2022-01-23,652141,0,0,208.994528340336,"Jan 23, 2022<br><b>208.99</b> cases per 100,000 people"
2022-01-24,658706,6565,207.549293352353,238.644427390672,"Jan 24, 2022<br><b>238.64</b> cases per 100,000 people"
2022-01-25,673023,14317,452.625016439548,274.39141154656,"Jan 25, 2022<br><b>274.39</b> cases per 100,000 people"
2022-01-26,679877,6854,216.685888292007,219.838307109544,"Jan 26, 2022<br><b>219.84</b> cases per 100,000 people"
2022-01-27,693361,13484,426.290125142898,248.557836136367,"Jan 27, 2022<br><b>248.56</b> cases per 100,000 people"
2022-01-28,698869,5508,174.132750614586,211.040439120199,"Jan 28, 2022<br><b>211.04</b> cases per 100,000 people"
2022-01-29,698869,0,0,211.040439120199,"Jan 29, 2022<br><b>211.04</b> cases per 100,000 people"
2022-01-30,698869,0,0,211.040439120199,"Jan 30, 2022<br><b>211.04</b> cases per 100,000 people"
2022-01-31,707030,8161,258.006059870305,218.248548622763,"Jan 31, 2022<br><b>218.25</b> cases per 100,000 people"
2022-02-01,715526,8496,268.596922516617,191.958820919487,"Feb 01, 2022<br><b>191.96</b> cases per 100,000 people"
2022-02-02,721103,5577,176.314152174573,186.191430045568,"Feb 02, 2022<br><b>186.19</b> cases per 100,000 people"
2022-02-03,723385,2282,72.1443240563699,135.599172747493,"Feb 03, 2022<br><b>135.6</b> cases per 100,000 people"
2022-02-04,726124,2739,86.5921575768612,123.093373742104,"Feb 04, 2022<br><b>123.09</b> cases per 100,000 people"
2022-02-05,726124,0,0,123.093373742104,"Feb 05, 2022<br><b>123.09</b> cases per 100,000 people"
2022-02-06,726124,0,0,123.093373742104,"Feb 06, 2022<br><b>123.09</b> cases per 100,000 people"
2022-02-07,729167,3043,96.2029702469473,99.9786466530526,"Feb 07, 2022<br><b>99.98</b> cases per 100,000 people"
2022-02-08,733459,4292,135.689499934242,80.9918719984276,"Feb 08, 2022<br><b>80.99</b> cases per 100,000 people"
2022-02-09,736356,2897,91.587251004077,68.888028974071,"Feb 09, 2022<br><b>68.89</b> cases per 100,000 people"
2022-02-10,738403,2047,64.7149129462705,67.8266845297711,"Feb 10, 2022<br><b>67.83</b> cases per 100,000 people"
2022-02-11,739728,1325,41.889232854816,61.4405524266218,"Feb 11, 2022<br><b>61.44</b> cases per 100,000 people"
2022-02-12,739728,0,0,61.4405524266218,"Feb 12, 2022<br><b>61.44</b> cases per 100,000 people"
2022-02-13,739728,0,0,61.4405524266218,"Feb 13, 2022<br><b>61.44</b> cases per 100,000 people"
2022-02-14,742489,2761,87.287676914828,60.1669390934619,"Feb 14, 2022<br><b>60.17</b> cases per 100,000 people"
2022-02-15,744646,2157,68.1925096361043,50.5245119080137,"Feb 15, 2022<br><b>50.52</b> cases per 100,000 people"
2022-02-16,745247,601,19.0003237326373,40.1549508692366,"Feb 16, 2022<br><b>40.15</b> cases per 100,000 people"
2022-02-17,745699,452,14.2897609436806,32.9513577260095,"Feb 17, 2022<br><b>32.95</b> cases per 100,000 people"
2022-02-18,748235,2536,80.1744109583498,38.4206688836571,"Feb 18, 2022<br><b>38.42</b> cases per 100,000 people"
2022-02-19,748235,0,0,38.4206688836571,"Feb 19, 2022<br><b>38.42</b> cases per 100,000 people"
2022-02-20,748235,0,0,38.4206688836571,"Feb 20, 2022<br><b>38.42</b> cases per 100,000 people"
2022-02-21,748235,0,0,25.9510007529674,"Feb 21, 2022<br><b>25.95</b> cases per 100,000 people"
2022-02-22,749065,830,26.240047750564,19.957791912176,"Feb 22, 2022<br><b>19.96</b> cases per 100,000 people"
2022-02-23,751052,1987,62.818042024543,26.2174659538768,"Feb 23, 2022<br><b>26.22</b> cases per 100,000 people"
2022-02-24,751496,444,14.0368448207836,26.1813350791772,"Feb 24, 2022<br><b>26.18</b> cases per 100,000 people"
2022-02-25,751957,461,14.5742915819398,16.8098894539758,"Feb 25, 2022<br><b>16.81</b> cases per 100,000 people"
2022-02-26,751957,0,0,16.8098894539758,"Feb 26, 2022<br><b>16.81</b> cases per 100,000 people"
2022-02-27,751957,0,0,16.8098894539758,"Feb 27, 2022<br><b>16.81</b> cases per 100,000 people"
2022-02-28,752410,453,14.3213754590428,18.855800233839,"Feb 28, 2022<br><b>18.86</b> cases per 100,000 people"
2022-03-01,753426,1016,32.1203476079193,19.6958430706041,"Mar 01, 2022<br><b>19.7</b> cases per 100,000 people"
2022-03-02,753716,290,9.16820945501634,12.0315812749574,"Mar 02, 2022<br><b>12.03</b> cases per 100,000 people"
2022-03-03,754047,331,10.4644045848635,11.521232669826,"Mar 03, 2022<br><b>11.52</b> cases per 100,000 people"
2022-03-04,754526,479,15.143352858458,11.6025271379,"Mar 04, 2022<br><b>11.6</b> cases per 100,000 people"
2022-03-05,754526,0,0,11.6025271379,"Mar 05, 2022<br><b>11.6</b> cases per 100,000 people"
2022-03-06,754526,0,0,11.6025271379,"Mar 06, 2022<br><b>11.6</b> cases per 100,000 people"
2022-03-07,755005,479,15.143352858458,11.7199524806736,"Mar 07, 2022<br><b>11.72</b> cases per 100,000 people"
2022-03-08,755811,806,25.481299381873,10.7715170198098,"Mar 08, 2022<br><b>10.77</b> cases per 100,000 people"
2022-03-09,756127,316,9.9901868544316,10.8889423625834,"Mar 09, 2022<br><b>10.89</b> cases per 100,000 people"
2022-03-10,756416,289,9.13659493965421,10.6992552704107,"Mar 10, 2022<br><b>10.7</b> cases per 100,000 people"
2022-03-11,757944,1528,48.3069794733275,15.436916215392,"Mar 11, 2022<br><b>15.44</b> cases per 100,000 people"
2022-03-12,757944,0,0,15.436916215392,"Mar 12, 2022<br><b>15.44</b> cases per 100,000 people"
2022-03-13,757944,0,0,15.436916215392,"Mar 13, 2022<br><b>15.44</b> cases per 100,000 people"
2022-03-14,758241,297,9.38951106255122,14.6149388159768,"Mar 14, 2022<br><b>14.61</b> cases per 100,000 people"
2022-03-15,758553,312,9.86372879298309,12.3838573032782,"Mar 15, 2022<br><b>12.38</b> cases per 100,000 people"
2022-03-16,759064,511,16.155017350046,13.2645473740803,"Mar 16, 2022<br><b>13.26</b> cases per 100,000 people"
2022-03-17,759275,211,6.67066274140844,12.9122713457595,"Mar 17, 2022<br><b>12.91</b> cases per 100,000 people"
2022-03-18,759550,275,8.69399172458446,7.25327309593903,"Mar 18, 2022<br><b>7.25</b> cases per 100,000 people"
2022-03-19,759550,0,0,7.25327309593903,"Mar 19, 2022<br><b>7.25</b> cases per 100,000 people"
2022-03-20,759550,0,0,7.25327309593903,"Mar 20, 2022<br><b>7.25</b> cases per 100,000 people"
2022-03-21,759781,231,7.30295304865095,6.95519337966757,"Mar 21, 2022<br><b>6.96</b> cases per 100,000 people"
2022-03-22,760422,641,20.2649043471223,8.44107560168746,"Mar 22, 2022<br><b>8.44</b> cases per 100,000 people"
2022-03-23,760602,180,5.69061276518255,6.94616066099267,"Mar 23, 2022<br><b>6.95</b> cases per 100,000 people"
2022-03-24,760840,238,7.52425465618582,7.06810236310373,"Mar 24, 2022<br><b>7.07</b> cases per 100,000 people"
2022-03-25,761112,272,8.59914817849808,7.05455328509139,"Mar 25, 2022<br><b>7.05</b> cases per 100,000 people"
2022-03-26,761112,0,0,7.05455328509139,"Mar 26, 2022<br><b>7.05</b> cases per 100,000 people"
2022-03-27,761112,0,0,7.05455328509139,"Mar 27, 2022<br><b>7.05</b> cases per 100,000 people"
2022-03-28,761377,265,8.37784657096321,7.20810950256457,"Mar 28, 2022<br><b>7.21</b> cases per 100,000 people"
2022-03-29,761956,579,18.3048043946706,6.92809522364289,"Mar 29, 2022<br><b>6.93</b> cases per 100,000 people"
2022-03-30,762174,218,6.89196434894332,7.09971687846585,"Mar 30, 2022<br><b>7.1</b> cases per 100,000 people"
