N501Y,N501Y,N501Y,L452R,L452R,L452R,K417N,K417N,K417N
Sample start date,Sample ID,Frequency of Mutant Allele,Sample start date,Sample,Frequency of Mutant Allele,Sample start date,Sample,Frequency of Mutant Allele
1/13/2021,14PZ5+14PZ6,0.00,,,,,,
1/15/2021,16PZ3+16PZ4,0.00,,,,,,
1/19/2021,20PZ2+20PZ3,0.05,,,,,,
1/25/2021,26PZ1+26PZ4,0.04,,,,,,
1/27/2021,28PZ1+28PZ2,0.00,,,,,,
1/31/2021,01PZ1+01PZ2,0.02,,,,,,
2/6/2021,07PZ1+07PZ2,0.00,,,,,,
2/11/2021,12PZ2+12PZ3,0.05,,,,,,
2/12/2021,13PZ1+13PZ2,0.00,,,,,,
2/18/2021,19PZ3+19PZ5,0.12,,,,,,
2/22/2021,23PZ2+23PZ3,0.20,,,,,,
2/24/2021,253+254,0.14,,,,,,
3/8/2021,393+394,0.07,,,,,,
3/14/2021,152+154,0.17,,,,,,
3/21/2021,221+224,0.35,,,,,,
3/25/2021,262+264,0.74,,,,,,
4/1/2021,21,0.67,,,,4/1/2021,21,0.04
4/1/2021,23,0.64,,,,4/1/2021,23,0.00
4/2/2021,31,0.64,,,,4/2/2021,31,0.08
4/2/2021,33,0.74,,,,4/2/2021,33,0.00
4/3/2021,41,0.75,,,,4/3/2021,41,0.00
4/3/2021,43,0.83,,,,4/3/2021,43,0.02
4/4/2021,51,0.74,,,,4/4/2021,51,0.02
4/4/2021,53,0.64,,,,4/4/2021,53,0.01
4/5/2021,463,0.84,,,,4/5/2021,463,0.06
4/5/2021,465,0.70,,,,4/5/2021,465,0.04
4/6/2021,471,0.76,,,,4/6/2021,471,0.01
4/6/2021,473,0.73,,,,4/6/2021,473,0.02
4/9/2021,105,0.74,,,,,,
4/18/2021,193,0.80,,,,,,
4/19/2021,204,0.65,,,,,,
4/22/2021,234,0.92,,,,,,
4/26/2021,273,0.79,,,,,,
4/29/2021,307,0.70,,,,,,
5/5/2021,563,0.69,,,,,,
5/8/2021,595,0.66,,,,,,
5/9/2021,5103,0.90,,,,,,
5/12/2021,133,0.95,,,,,,
5/16/2021,173,0.85,,,,,,
5/17/2021,"183, 185",0.75,,,,,,
5/18/2021,191,0.79,,,,,,
5/19/2021,"202, 203",0.91,,,,,,
5/20/2021,"213, 214",0.87,,,,,,
5/23/2021,"243, 245",0.70,,,,,,
5/24/2021,"253, 255",0.79,,,,,,
5/26/2021,"273, 275",0.80,,,,,,
5/27/2021,"283, 284",0.97,,,,,,
5/30/2021,"313, 314",0.77,,,,,,
5/31/2021,"611, 614",0.70,,,,,,
6/1/2021,623+624,0.40,6/1/2021,623+624,0.00,6/1/2021,623+624,0.50
6/2/2021,632,0.76,,,,,,
6/3/2021,643,0.60,,,,,,
6/4/2021,653,0.82,,,,,,
6/5/2021,661,0.72,,,,,,
6/6/2021,672,,,,,,,
6/7/2021,684,0.61,,,,,,
6/7/2021,685,0.89,,,,6/7/2021,685,0.00
6/8/2021,693,0.91,,,,,,
6/8/2021,694,0.43,,,,6/8/2021,694,0.00
6/9/2021,103,0.58,,,,,,
6/10/2021,114,0.58,,,,,,
6/10/2021,113,0.43,,,,,,
6/11/2021,123,0.60,,,,,,
6/12/2021,133,0.50,,,,,,
6/12/2021,6131,0.00,6/12/2021,6131,0.00,6/12/2021,6131,
6/13/2021,143,0.71,,,,,,
6/14/2021,153,0.71,,,,,,
6/15/2021,164,0.88,,,,6/15/2021,164,0.00
6/16/2021,173,0.50,,,,6/16/2021,173,0.00
6/16/2021,177+178,0.50,6/16/2021,177+178,0.40,6/16/2021,177+178,0.00
6/17/2021,6181,,6/17/2021,6181,0.25,6/17/2021,6181,
6/18/2021,195,0.00,,,,6/18/2021,195,0.00
6/18/2021,193+194,0.46,6/18/2021,193+194,0.20,6/18/2021,193+194,0.00
6/19/2021,203,0.00,,,,6/19/2021,203,0.00
6/20/2021,211,0.29,,,,6/20/2021,211,0.00
6/21/2021,221,0.25,,,,6/21/2021,221,0.00
6/22/2021,231,0.03,,,,6/22/2021,231,0.00
6/23/2021,243,0.11,,,,6/23/2021,243,0.00
6/24/2021,6251,0.33,,,,6/24/2021,6251,
6/25/2021,"262, 264",0.86,,,,,,
6/25/2021,6264,0.37,,,,6/25/2021,6264,0.00
6/26/2021,avg,0.14,6/26/2021,avg,0.50,6/26/2021,avg,0.50
6/27/2021,6281,0.50,,,,6/27/2021,6281,0.00
6/28/2021,6291,0.30,6/28/2021,6291,0.67,6/28/2021,6291,0.11
6/28/2021,6291,0.00,,,,6/28/2021,6291,0.00
6/30/2021,7110,0.43,6/30/2021,7110,0.43,6/30/2021,7110,
7/1/2021,724,0.00,7/1/2021,724,0.63,7/1/2021,724,
7/2/2021,735,0.21,7/2/2021,735,0.12,7/2/2021,735,0.00
7/3/2021,741,0.33,7/3/2021,741,0.33,7/3/2021,741,
7/4/2021,752,0.08,7/4/2021,752,0.45,7/4/2021,752,0.00
7/5/2021,762,0.00,7/5/2021,762,0.40,7/5/2021,762,
7/5/2021,762,0.10,7/5/2021,762,0.86,7/5/2021,762,0.00
7/6/2021,771,0.00,7/6/2021,771,0.50,7/6/2021,771,
7/7/2021,784,,7/7/2021,784,1.00,7/7/2021,784,
7/8/2021,794,0.33,7/8/2021,794,1.00,7/8/2021,794,
7/10/2021,7114,0.00,7/10/2021,7114,0.83,7/10/2021,7114,
7/11/2021,7124,0.50,7/11/2021,7124,0.90,7/11/2021,7124,
7/13/2021,7146,0.00,7/13/2021,7146,1.00,7/13/2021,7146,0.50
7/14/2021,7158,0.04,7/14/2021,7158,0.88,7/14/2021,7158,0.00
7/16/2021,7174,0.06,7/16/2021,7174,0.89,7/16/2021,7174,0.00
7/17/2021,7184,0.06,7/17/2021,7184,1.00,7/17/2021,7184,0.00
7/19/2021,7205,0.07,7/19/2021,7205,0.80,7/19/2021,7205,0.00
7/20/2021,7213,0.08,7/20/2021,7213,0.78,7/20/2021,7213,0.00
7/22/2021,7232,0.02,7/22/2021,7232,0.88,7/22/2021,7232,0.00
7/23/2021,7246,0.00,7/23/2021,7246,0.80,7/23/2021,7246,0.00
7/25/2021,7262,0.00,7/25/2021,7262,0.94,7/25/2021,7262,0.00
7/26/2021,7274,0.00,7/26/2021,7274,1.00,7/26/2021,7274,0.00
7/27/2021,7283,0.02,7/27/2021,7283,0.95,7/27/2021,7283,0.00
7/28/2021,7296,0.00,7/28/2021,7296,0.97,7/28/2021,7296,0.00
7/29/2021,7302,0.01,7/29/2021,7302,0.93,7/29/2021,7302,0.00
7/31/2021,8013,0.00,7/31/2021,8013,0.97,7/31/2021,8013,0.00
8/2/2021,8038,0.00,8/2/2021,8038,1.00,8/2/2021,8038,0.00
8/3/2021,8041,0.00,8/3/2021,8041,0.93,8/3/2021,8041,0.00
8/5/2021,8067,0.00,8/5/2021,8067,1.00,8/5/2021,8067,0.00
8/6/2021,8075,0.01,8/6/2021,8075,0.98,8/6/2021,8075,0.00
8/7/2021,8082,0.01,8/7/2021,8082,1.00,8/7/2021,8082,0.00
8/9/2021,8104,0.03,8/9/2021,8104,0.94,8/9/2021,8104,0.00
8/10/2021,8111,0.01,8/10/2021,8111,1.00,8/10/2021,8111,0.00
8/11/2021,,,8/11/2021,8123,0.90,8/11/2021,8123,0.00
8/12/2021,,,8/12/2021,8137,1.00,8/12/2021,8137,0.00
8/13/2021,,,8/13/2021,8145,1.00,8/13/2021,8145,0.00
8/14/2021,,,8/14/2021,8152,1.00,8/14/2021,8152,0.00
8/15/2021,,,8/15/2021,8165,0.91,8/15/2021,8165,0.00
8/16/2021,,,8/16/2021,8172,0.95,8/16/2021,8172,0.00
8/17/2021,,,8/17/2021,8182,1.00,8/17/2021,8182,0.00
8/18/2021,,,8/18/2021,8193,1.00,8/18/2021,8193,0.00
8/19/2021,,,8/19/2021,8201,1.00,8/19/2021,8201,0.00
8/20/2021,,,8/20/2021,8211,1.00,8/20/2021,8211,0.00
8/21/2021,,,8/21/2021,8223,1.00,8/21/2021,8223,0.00
8/22/2021,,,8/22/2021,8232,1.00,8/22/2021,8232,0.00
8/23/2021,,,8/23/2021,8242,1.00,8/23/2021,8242,0.01
8/24/2021,,,8/24/2021,8253,1.00,8/24/2021,8253,0.00
8/25/2021,,,8/25/2021,8267,1.00,8/25/2021,8267,0.00
8/26/2021,,,8/26/2021,8274,1.00,8/26/2021,8274,0.00
8/27/2021,,,8/27/2021,8285,1.00,8/27/2021,8285,0.00
8/28/2021,,,8/28/2021,8298,1.00,8/28/2021,8298,0.01
8/29/2021,,,8/29/2021,8302,1.00,8/29/2021,8302,0.02
8/30/2021,,,8/30/2021,8313,1.00,8/30/2021,8313,0.00
8/31/2021,,,8/31/2021,9015,0.89,8/31/2021,9015,0.00
9/1/2021,,,9/1/2021,9025,0.91,9/1/2021,9025,0.00
9/2/2021,,,9/2/2021,9035,1.00,9/2/2021,9035,0.00
9/3/2021,,,9/3/2021,9043,0.90,9/3/2021,9043,0.00
9/4/2021,,,9/4/2021,9052,1.00,9/4/2021,9052,0.00
9/5/2021,,,9/5/2021,9063,1.00,9/5/2021,9063,0.00
9/6/2021,,,9/6/2021,9074,0.94,9/6/2021,9074,0.00
9/7/2021,,,9/7/2021,9086,1.00,9/7/2021,9086,0.00
9/8/2021,,,9/8/2021,90912,1.00,9/8/2021,90912,
9/9/2021,,,9/9/2021,9106,0.64,9/9/2021,9106,0.01
9/9/2021,,,9/9/2021,9107,0.68,9/9/2021,9107,0.00
9/10/2021,,,9/10/2021,9116,1.00,9/10/2021,9116,0.00
9/11/2021,,,9/11/2021,9128,0.97,9/11/2021,9128,0.00
9/12/2021,,,9/12/2021,9138,1.00,9/12/2021,9138,0.02
9/13/2021,,,9/13/2021,9143,0.93,9/13/2021,9143,0.00
9/14/2021,,,9/14/2021,9151,0.57,9/14/2021,9151,0.00
9/15/2021,,,9/15/2021,9165,0.97,9/15/2021,9165,
9/16/2021,,,9/16/2021,9175,1.00,9/16/2021,9175,0.00
9/17/2021,,,9/17/2021,9184,1.00,9/17/2021,9184,0.00
9/18/2021,,,9/18/2021,9198,1.00,9/18/2021,9198,0.00
9/19/2021,,,9/19/2021,9203,1.00,9/19/2021,9203,0.00
9/20/2021,,,9/20/2021,9215,1.00,9/20/2021,9215,0.00
9/21/2021,,,9/21/2021,9221,1.00,9/21/2021,9221,0.00
9/23/2021,,,9/23/2021,9247,1.00,9/23/2021,9247,0.00
9/24/2021,,,9/24/2021,9255,0.99,9/24/2021,9255,0.00
9/25/2021,,,9/25/2021,9268,0.96,9/25/2021,9268,0.00
9/26/2021,,,9/26/2021,9277,1.00,9/26/2021,9277,0.01
9/27/2021,,,9/27/2021,9288,0.99,9/27/2021,9288,0.00
9/28/2021,,,9/28/2021,9291,1.00,9/28/2021,9291,0.00
9/29/2021,,,9/29/2021,9302,1.00,9/29/2021,9302,0.00
9/30/2021,,,9/30/2021,10017,0.98,9/30/2021,10017,0.00
10/1/2021,,,10/1/2021,10027,1.00,10/1/2021,10027,0.00
10/2/2021,,,10/2/2021,10033,1.00,10/2/2021,10033,0.00
10/3/2021,,,10/3/2021,10042,1.00,10/3/2021,10042,0.00
10/4/2021,,,10/4/2021,10057,1.00,10/4/2021,10057,0.00
10/5/2021,,,10/5/2021,10061,1.00,10/5/2021,10061,0.00
10/6/2021,,,10/6/2021,10074,0.98,10/6/2021,10074,0.00
10/7/2021,,,10/7/2021,10083,1.00,10/7/2021,10083,0.00
10/8/2021,,,10/8/2021,10098,1.00,10/8/2021,10098,0.00
10/9/2021,,,10/9/2021,10102,1.00,10/9/2021,10102,0.01
10/10/2021,,,10/10/2021,10113,0.98,10/10/2021,10113,0.01
10/11/2021,,,10/11/2021,10126,1.00,10/11/2021,10126,0.00
10/12/2021,,,10/12/2021,10135,1.00,10/12/2021,10135,0.00
10/13/2021,,,10/13/2021,10142,1.00,10/13/2021,10142,0.00
10/14/2021,,,10/14/2021,10156,1.00,10/14/2021,10156,0.00
10/15/2021,,,10/15/2021,10167,0.99,10/15/2021,10167,0.00
10/16/2021,,,10/16/2021,10174,1.00,10/16/2021,10174,0.00
10/17/2021,,,10/17/2021,10185,1.00,10/17/2021,10185,0.02
10/18/2021,,,10/18/2021,10196,1.00,10/18/2021,10196,0.01
10/19/2021,,,10/19/2021,10203,1.00,10/19/2021,10203,0.00
10/20/2021,,,10/20/2021,10215,1.00,,,
10/21/2021,,,10/21/2021,10225,0.99,,,
10/22/2021,,,10/22/2021,10232,1.00,,,
10/23/2021,,,10/23/2021,10247,1.00,,,
10/24/2021,,,10/24/2021,10257,1.00,,,
10/25/2021,,,10/25/2021,10267,1.00,,,
10/26/2021,,,10/26/2021,10272,0.99,,,
10/27/2021,,,10/27/2021,10285,1.00,,,
10/28/2021,,,10/28/2021,10293,1.00,,,
10/29/2021,,,10/29/2021,10307,1.00,,,
10/30/2021,,,10/30/2021,10313,0.99,,,
10/31/2021,,,10/31/2021,11313,1.00,,,
11/1/2021,,,11/1/2021,11027,1.00,,,
11/2/2021,,,11/2/2021,11034,1.00,,,
11/3/2021,,,11/3/2021,11045,1.00,,,
11/4/2021,,,11/4/2021,11056,1.00,,,
11/5/2021,,,11/5/2021,11067,1.00,,,
11/6/2021,,,11/6/2021,11077,1.00,,,
11/7/2021,,,11/7/2021,11086,1.00,,,
11/8/2021,,,11/8/2021,11093,1.00,,,
11/9/2021,,,11/9/2021,11103,1.00,,,
11/10/2021,,,11/10/2021,11115,1.00,,,
11/11/2021,,,11/11/2021,11122,1.00,,,
11/12/2021,,,11/12/2021,11136,0.99,,,
11/13/2021,,,11/13/2021,11148,1.00,,,
11/14/2021,,,11/14/2021,11152,1.00,,,
11/15/2021,,,11/15/2021,11163,,,,
11/16/2021,,,11/16/2021,11173,1.00,,,
11/17/2021,,,11/17/2021,11183,1.00,11/17/2021,11183,0.00
11/18/2021,,,11/18/2021,11194,1.00,11/18/2021,11194,0.00
11/18/2021,,,11/18/2021,11194,0.99,11/18/2021,11194,0.00
11/19/2021,,,11/19/2021,11201,1.00,11/19/2021,11201,0.00
11/20/2021,,,11/20/2021,11218,0.99,11/20/2021,11218,0.00
11/21/2021,,,11/21/2021,11227,1.00,11/21/2021,11227,0.00
11/22/2021,,,11/22/2021,11237,1.00,11/22/2021,11237,0.00
11/23/2021,,,11/23/2021,11245,1.00,11/23/2021,11245,0.00
11/23/2021,,,11/23/2021,11245,0.99,11/23/2021,11245,0.00
11/24/2021,,,11/24/2021,11254,1.00,11/24/2021,11254,0.00
11/25/2021,,,11/25/2021,11262,1.00,11/25/2021,11262,0.00
11/26/2021,,,11/26/2021,11275,1.00,11/26/2021,11275,0.00
11/27/2021,,,11/27/2021,11284,1.00,11/27/2021,11284,0.00
11/27/2021,,,11/27/2021,11284,0.99,11/27/2021,11284,0.00
11/28/2021,,,11/28/2021,11293,1.00,11/28/2021,11293,0.00
11/29/2021,,,11/29/2021,11302,1.00,11/29/2021,11302,0.00
11/30/2021,,,11/30/2021,12011,1.00,11/30/2021,12011,0.00
12/1/2021,,,12/1/2021,12028,1.00,12/1/2021,12028,0.00
12/1/2021,,,12/1/2021,12028,1.00,12/1/2021,12028,0.00
12/2/2021,,,12/2/2021,12032,0.98,12/2/2021,12032,0.00
12/3/2021,,,12/3/2021,12045,1.00,12/3/2021,12045,0.00
12/3/2021,,,12/3/2021,12045,1.00,12/3/2021,12045,0.01
12/4/2021,,,12/4/2021,12052,0.99,12/4/2021,12052,0.00
12/5/2021,,,12/5/2021,12065,1.00,12/5/2021,12065,0.00
12/6/2021,,,12/6/2021,12074,0.98,12/6/2021,12074,0.01
12/6/2021,,,12/6/2021,12074,0.99,12/6/2021,12074,0.00
12/7/2021,,,12/7/2021,12082,1.00,12/7/2021,12082,0.00
12/8/2021,,,12/8/2021,12095,0.98,12/8/2021,12095,0.01
12/9/2021,,,12/9/2021,12103,1.00,12/9/2021,12103,0.01
12/10/2021,,,12/10/2021,12117,0.91,12/10/2021,12117,0.06
12/11/2021,,,12/11/2021,12126,0.97,12/11/2021,12126,0.02
12/11/2021,,,12/11/2021,12126,0.98,12/11/2021,12126,0.01
12/12/2021,,,12/12/2021,12132,0.97,12/12/2021,12132,0.02
12/13/2021,,,12/13/2021,12148,0.90,12/13/2021,12148,0.05
12/14/2021,,,12/14/2021,12151,0.91,12/14/2021,12151,0.06
12/14/2021,,,12/14/2021,12151,0.92,12/14/2021,12151,0.07
12/15/2021,,,12/15/2021,12161,0.85,12/15/2021,12161,0.12
12/15/2021,,,12/15/2021,12162,0.83,12/15/2021,12162,0.11
12/16/2021,,,12/16/2021,12171,0.82,12/16/2021,12171,0.14
12/16/2021,,,12/16/2021,12173,0.82,12/16/2021,12173,0.16
12/17/2021,,,12/17/2021,12185,0.76,12/17/2021,12185,0.15
12/18/2021,,,12/18/2021,12191,0.69,12/18/2021,12191,0.25
12/18/2021,,,12/18/2021,12193,0.66,12/18/2021,12193,0.26
12/19/2021,,,12/19/2021,12203,0.58,12/19/2021,12203,0.28
12/19/2021,,,12/19/2021,12204,0.60,12/19/2021,12204,0.27
12/20/2021,,,12/20/2021,12211,0.53,12/20/2021,12211,0.35
12/21/2021,,,12/21/2021,12222,0.41,12/21/2021,12222,0.45
12/22/2021,,,12/22/2021,12235,0.32,12/22/2021,12235,0.55
12/23/2021,,,12/23/2021,12246,0.30,12/23/2021,12246,0.61
12/24/2021,,,12/24/2021,12252,0.24,12/24/2021,12252,0.68
12/25/2021,,,12/25/2021,12262,0.23,12/25/2021,12262,0.65
12/26/2021,,,12/26/2021,12273,0.20,12/26/2021,12273,0.71
12/27/2021,,,12/27/2021,12282,0.15,12/27/2021,12282,0.81
12/28/2021,,,12/28/2021,12292,0.12,12/28/2021,12292,0.87
12/29/2021,,,12/29/2021,12307,0.12,12/29/2021,12307,0.84
12/29/2021,,,12/29/2021,12301,0.09,12/29/2021,12301,0.81
12/30/2021,,,12/30/2021,12313,0.07,12/30/2021,12313,0.86
12/31/2021,,,12/31/2021,1012,0.07,12/31/2021,1012,0.88
1/1/2022,,,1/1/2022,1022,0.07,1/1/2022,1022,0.87
1/2/2022,,,1/2/2022,1032,0.07,1/2/2022,1032,0.89
1/3/2022,,,1/3/2022,1043,0.06,1/3/2022,1043,0.90
1/4/2022,,,1/4/2022,1051,0.07,1/4/2022,1051,0.87
1/5/2022,,,1/5/2022,1063,0.03,1/5/2022,1063,0.94
1/6/2022,,,1/6/2022,1072,0.06,1/6/2022,1072,0.90
1/7/2022,,,1/7/2022,1082,0.03,1/7/2022,1082,0.96
1/8/2022,,,1/8/2022,1093,0.04,1/8/2022,1093,0.94
1/9/2022,,,1/9/2022,1102,0.02,1/9/2022,1102,0.96
1/10/2022,,,1/10/2022,1112,0.06,1/10/2022,1112,0.88
1/11/2022,,,1/11/2022,1121,0.03,1/11/2022,1121,0.94
1/12/2022,,,1/12/2022,1132,0.02,1/12/2022,1132,0.95
1/13/2022,,,1/13/2022,1141,0.02,1/13/2022,1141,0.95
